school_code,school_name,major_group_code,province,year,batch,subject_type,plan_count,admission_count,min_admission_score,min_admission_rank
10001,北京大学,202,广东省,2023,本科批,历史类,24,24,670,31
10002,中国人民大学,201,广东省,2023,本科批,历史类,53,53,653,149
10003,清华大学,"院
201",广东省,2023,本科批,历史类,3,3,674,14
10004,北京交通大学,201,广东省,2023,本科批,历史类,2,2,598,3640
10004,北京交通大学,202,广东省,2023,本科批,历史类,9,9,602,3143
10006,"试
北京航空航天大学",201,广东省,2023,本科批,历史类,7,7,626,999
10007,北京理工大学,201,广东省,2023,本科批,历史类,12,12,613,1910
10010,"考
北京化工大学",201,广东省,2023,本科批,历史类,13,13,584,5950
10012,北京服装学院,201,广东省,2023,本科批,历史类,4,4,531,23040
10015,北京印刷学院,201,广东省,2023,本科批,历史类,2,2,540,19058
10019,"育
中国农业大学(中外合作办学)",205,广东省,2023,本科批,历史类,6,6,596,3919
10022,北京林业大学,201,广东省,2023,本科批,历史类,22,22,577,7400
10022,北京林业大学,202,广东省,2023,本科批,历史类,3,3,592,4588
10026,"教
北京中医药大学",201,广东省,2023,本科批,历史类,4,4,581,6509
10027,北京师范大学,201,广东省,2023,本科批,历史类,17,17,642,390
10027,"省
北京师范大学",208,广东省,2023,本科批,历史类,2,2,635,629
10028,首都师范大学,201,广东省,2023,本科批,历史类,2,2,588,5109
10028,首都师范大学,202,广东省,2023,本科批,历史类,4,4,588,5106
10030,北京外国语大学,202,广东省,2023,本科批,历史类,18,18,608,2441
10030,北京外国语大学,203,广东省,2023,本科批,历史类,3,3,620,1359
10031,北京第二外国语学院,202,广东省,2023,本科批,历史类,14,14,561,11480
10031,北京第二外国语学院,"教
203",广东省,2023,本科批,历史类,3,3,580,6730
10032,北京语言大学,201,广东省,2023,本科批,历史类,4,4,581,6480
10032,北京语言大学,202,广东省,2023,本科批,历史类,8,8,579,7001
10032,"省
北京语言大学",203,广东省,2023,本科批,历史类,1,1,603,3011
10033,中国传媒大学,202,广东省,2023,本科批,历史类,18,18,603,2913
10033,中国传媒大学(中外合作办学),204,广东省,2023,本科批,历史类,4,4,605,2720
10034,"东
中央财经大学",202,广东省,2023,本科批,历史类,34,34,614,1806
10036,对外经济贸易大学,201,广东省,2023,本科批,历史类,38,38,613,1904
10037,北京物资学院,201,广东省,2023,本科批,历史类,2,2,531,23015
10038,"广
首都经济贸易大学",201,广东省,2023,本科批,历史类,4,4,574,8105
10043,北京体育大学,201,广东省,2023,本科批,历史类,8,8,573,8334
10043,北京体育大学(中外合作办学),208,广东省,2023,本科批,历史类,4,4,501,39343
10043,北京体育大学,211,广东省,2023,本科批,历史类,3,3,571,8867
10047,中央美术学院,201,广东省,2023,本科批,历史类,1,1,606,2645
10048,中央戏剧学院,201,广东省,2023,本科批,历史类,18,18,572,8502
10049,中国戏曲学院,201,广东省,2023,本科批,历史类,5,5,557,12737
10052,中央民族大学,201,广东省,2023,本科批,历史类,2,2,604,2871
10052,中央民族大学,202,广东省,2023,本科批,历史类,29,29,604,2858
10053,中国政法大学,202,广东省,2023,本科批,历史类,2,2,608,2416
10053,中国政法大学,203,广东省,2023,本科批,历史类,53,53,621,1334
10053,中国政法大学,204,广东省,2023,本科批,历史类,8,8,613,1962
10054,华北电力大学(北京),201,广东省,2023,本科批,历史类,2,2,589,5050
10054,华北电力大学(北京),202,广东省,2023,本科批,历史类,6,6,585,5821
10055,南开大学,"院
201",广东省,2023,本科批,历史类,28,31,630,846
10057,天津科技大学,201,广东省,2023,本科批,历史类,6,6,531,22870
10057,天津科技大学(中外合作办学),206,广东省,2023,本科批,历史类,2,2,531,22911
10059,"试
中国民航大学",201,广东省,2023,本科批,历史类,8,8,549,15455
10059,中国民航大学,203,广东省,2023,本科批,历史类,1,1,547,16297
10063,"考
天津中医药大学",201,广东省,2023,本科批,历史类,1,1,553,14244
10063,天津中医药大学,202,广东省,2023,本科批,历史类,4,4,574,8090
10063,天津中医药大学,207,广东省,2023,本科批,历史类,2,2,548,16032
10065,"育
天津师范大学",201,广东省,2023,本科批,历史类,19,19,564,10687
10068,天津外国语大学,201,广东省,2023,本科批,历史类,13,13,527,24950
10068,天津外国语大学,202,广东省,2023,本科批,历史类,2,2,509,34526
10068,"教
天津外国语大学",203,广东省,2023,本科批,历史类,3,3,554,13745
10069,天津商业大学,201,广东省,2023,本科批,历史类,3,3,521,27812
10069,"省
天津商业大学",202,广东省,2023,本科批,历史类,29,29,522,27257
10069,天津商业大学(中外合作办学),204,广东省,2023,本科批,历史类,4,4,505,36396
10070,天津财经大学,201,广东省,2023,本科批,历史类,16,16,544,17497
10071,天津体育学院,201,广东省,2023,本科批,历史类,4,4,498,41075
10077,河北地质大学,201,广东省,2023,本科批,历史类,6,6,506,36224
10081,华北理工大学,201,广东省,2023,本科批,历史类,3,3,482,52365
10081,华北理工大学,"教
202",广东省,2023,本科批,历史类,3,3,533,21923
10081,华北理工大学,203,广东省,2023,本科批,历史类,3,3,534,21555
10081,华北理工大学,209,广东省,2023,本科批,历史类,3,3,527,24933
10089,"省
河北医科大学",201,广东省,2023,本科批,历史类,4,4,521,27789
10094,河北师范大学,201,广东省,2023,本科批,历史类,1,1,550,15268
10094,河北师范大学,202,广东省,2023,本科批,历史类,2,2,561,11450
10101,"东
衡水学院",201,广东省,2023,本科批,历史类,2,2,491,45939
10103,邯郸学院,201,广东省,2023,本科批,历史类,5,5,490,46564
10104,邢台学院,201,广东省,2023,本科批,历史类,8,8,493,44237
10105,"广
沧州师范学院",201,广东省,2023,本科批,历史类,2,2,497,41987
10105,沧州师范学院,202,广东省,2023,本科批,历史类,5,5,495,42956
10107,石家庄铁道大学,201,广东省,2023,本科批,历史类,3,3,507,35507
10108,山西大学,201,广东省,2023,本科批,历史类,2,2,550,15257
10108,山西大学,202,广东省,2023,本科批,历史类,4,4,564,10832
10108,山西大学,203,广东省,2023,本科批,历史类,3,3,558,12567
10108,山西大学,206,广东省,2023,本科批,历史类,1,1,577,7401
10110,中北大学,202,广东省,2023,本科批,历史类,6,6,511,32900
10113,山西农业大学,201,广东省,2023,本科批,历史类,4,4,497,41994
10118,山西师范大学,201,广东省,2023,本科批,历史类,4,4,534,21567
10118,山西师范大学,202,广东省,2023,本科批,历史类,1,1,550,15127
10118,山西师范大学,203,广东省,2023,本科批,历史类,1,1,545,17053
10118,山西师范大学,208,广东省,2023,本科批,历史类,2,2,502,38234
10120,山西大同大学,201,广东省,2023,本科批,历史类,5,5,494,43761
10125,山西财经大学,"院
201",广东省,2023,本科批,历史类,3,3,510,33699
10126,内蒙古大学,201,广东省,2023,本科批,历史类,2,2,560,12023
10126,内蒙古大学,202,广东省,2023,本科批,历史类,1,1,543,18005
10126,"试
内蒙古大学",203,广东省,2023,本科批,历史类,6,6,558,12369
10126,内蒙古大学,204,广东省,2023,本科批,历史类,2,2,555,13329
10126,"考
内蒙古大学",205,广东省,2023,本科批,历史类,3,3,560,12031
10126,内蒙古大学,206,广东省,2023,本科批,历史类,3,3,568,9564
10127,内蒙古科技大学,201,广东省,2023,本科批,历史类,4,4,491,45567
10129,"育
内蒙古农业大学",201,广东省,2023,本科批,历史类,2,2,495,43051
10135,内蒙古师范大学,201,广东省,2023,本科批,历史类,15,15,502,38163
10136,内蒙古民族大学,201,广东省,2023,本科批,历史类,3,3,506,36261
10136,"教
内蒙古民族大学",202,广东省,2023,本科批,历史类,2,2,491,45749
10140,辽宁大学,201,广东省,2023,本科批,历史类,2,2,568,9540
10140,"省
辽宁大学",202,广东省,2023,本科批,历史类,29,29,569,9321
10140,辽宁大学(中外合作办学),204,广东省,2023,本科批,历史类,2,2,559,12286
10140,辽宁大学(联合培养),206,广东省,2023,本科批,历史类,3,3,540,19183
10140,辽宁大学(中外合作办学),208,广东省,2023,本科批,历史类,3,3,550,15113
10140,辽宁大学(中外合作办学),209,广东省,2023,本科批,历史类,2,2,557,12781
10140,辽宁大学(中外合作办学),211,广东省,2023,本科批,历史类,1,1,544,17564
10140,辽宁大学(中外合作办学),"教
212",广东省,2023,本科批,历史类,1,1,531,23083
10142,沈阳工业大学,201,广东省,2023,本科批,历史类,8,8,507,35375
10147,辽宁工程技术大学,201,广东省,2023,本科批,历史类,10,10,492,45422
10150,"省
大连交通大学(中外合作办学)",206,广东省,2023,本科批,历史类,3,3,504,37392
10151,大连海事大学,201,广东省,2023,本科批,历史类,6,6,567,9988
10151,大连海事大学,202,广东省,2023,本科批,历史类,16,16,572,8460
10152,"东
大连工业大学",201,广东省,2023,本科批,历史类,2,2,487,48718
10158,大连海洋大学,201,广东省,2023,本科批,历史类,2,2,505,36800
10162,辽宁中医药大学,201,广东省,2023,本科批,历史类,3,3,542,18185
10162,"广
辽宁中医药大学",204,广东省,2023,本科批,历史类,3,3,542,18266
10163,沈阳药科大学,201,广东省,2023,本科批,历史类,2,2,550,15097
10163,沈阳药科大学,202,广东省,2023,本科批,历史类,1,1,534,21838
10163,沈阳药科大学,203,广东省,2023,本科批,历史类,2,2,519,28428
10165,辽宁师范大学(中外合作办学),203,广东省,2023,本科批,历史类,4,4,499,40160
10166,沈阳师范大学(中外合作办学),202,广东省,2023,本科批,历史类,4,4,489,47274
10167,渤海大学,201,广东省,2023,本科批,历史类,3,3,504,37451
10172,大连外国语大学,201,广东省,2023,本科批,历史类,1,1,539,19360
10172,大连外国语大学,202,广东省,2023,本科批,历史类,17,17,516,30480
10173,东北财经大学,202,广东省,2023,本科批,历史类,11,11,558,12589
10173,东北财经大学(中外合作办学),205,广东省,2023,本科批,历史类,12,12,528,24164
10173,东北财经大学(中外合作办学),207,广东省,2023,本科批,历史类,2,2,557,12702
10177,沈阳音乐学院,201,广东省,2023,本科批,历史类,3,3,492,45325
10183,吉林大学,201,广东省,2023,本科批,历史类,6,6,597,3736
10183,吉林大学,"院
202",广东省,2023,本科批,历史类,6,6,626,1001
10183,吉林大学,203,广东省,2023,本科批,历史类,5,5,609,2320
10183,吉林大学,204,广东省,2023,本科批,历史类,4,4,610,2193
10183,"试
吉林大学",212,广东省,2023,本科批,历史类,2,2,613,1975
10183,吉林大学,213,广东省,2023,本科批,历史类,6,6,604,2794
10184,"考
延边大学",201,广东省,2023,本科批,历史类,2,2,548,15760
10186,长春理工大学,201,广东省,2023,本科批,历史类,11,11,467,63804
10186,长春理工大学,202,广东省,2023,本科批,历史类,8,8,518,29394
10188,"育
东北电力大学",201,广东省,2023,本科批,历史类,3,3,519,28864
10200,东北师范大学,201,广东省,2023,本科批,历史类,2,2,598,3562
10200,东北师范大学,202,广东省,2023,本科批,历史类,6,6,593,4335
10200,"教
东北师范大学",203,广东省,2023,本科批,历史类,4,4,594,4125
10201,北华大学,201,广东省,2023,本科批,历史类,2,2,502,38619
10201,"省
北华大学",202,广东省,2023,本科批,历史类,11,11,500,39893
10203,吉林师范大学,201,广东省,2023,本科批,历史类,2,2,499,40293
10203,吉林师范大学,202,广东省,2023,本科批,历史类,4,4,514,31582
10205,长春师范大学,201,广东省,2023,本科批,历史类,4,4,491,45819
10205,长春师范大学,202,广东省,2023,本科批,历史类,8,8,517,29696
10207,吉林财经大学,201,广东省,2023,本科批,历史类,9,9,514,31481
10207,吉林财经大学(中外合作办学),"教
203",广东省,2023,本科批,历史类,6,6,497,41523
10207,吉林财经大学,205,广东省,2023,本科批,历史类,1,1,509,34195
10212,黑龙江大学,201,广东省,2023,本科批,历史类,35,35,498,41181
10214,"省
哈尔滨理工大学",201,广东省,2023,本科批,历史类,10,10,503,37818
10214,哈尔滨理工大学,202,广东省,2023,本科批,历史类,4,4,502,38485
10216,燕山大学,201,广东省,2023,本科批,历史类,4,4,520,28218
10216,"东
燕山大学",202,广东省,2023,本科批,历史类,4,4,540,19070
10217,哈尔滨工程大学,201,广东省,2023,本科批,历史类,12,12,571,8714
10219,黑龙江科技大学,201,广东省,2023,本科批,历史类,4,4,492,45384
10219,"广
黑龙江科技大学",202,广东省,2023,本科批,历史类,24,24,494,43957
10219,黑龙江科技大学,203,广东省,2023,本科批,历史类,4,4,495,42999
10220,东北石油大学,201,广东省,2023,本科批,历史类,1,1,484,51018
10220,东北石油大学,202,广东省,2023,本科批,历史类,5,5,507,35283
10222,佳木斯大学,201,广东省,2023,本科批,历史类,15,15,493,44448
10222,佳木斯大学,202,广东省,2023,本科批,历史类,9,9,497,41817
10224,东北农业大学,201,广东省,2023,本科批,历史类,4,4,565,10362
10225,东北林业大学,201,广东省,2023,本科批,历史类,5,5,564,10803
10226,哈尔滨医科大学,201,广东省,2023,本科批,历史类,4,4,493,44060
10231,哈尔滨师范大学,202,广东省,2023,本科批,历史类,13,13,502,38457
10231,哈尔滨师范大学,203,广东省,2023,本科批,历史类,2,2,546,16720
10232,齐齐哈尔大学,201,广东省,2023,本科批,历史类,1,1,515,30660
10232,齐齐哈尔大学,202,广东省,2023,本科批,历史类,10,10,492,44850
10233,牡丹江师范学院,201,广东省,2023,本科批,历史类,4,4,491,45451
10233,牡丹江师范学院,"院
202",广东省,2023,本科批,历史类,13,13,492,45213
10233,牡丹江师范学院,203,广东省,2023,本科批,历史类,2,2,495,43329
10234,哈尔滨学院,201,广东省,2023,本科批,历史类,11,11,493,44475
10240,"试
哈尔滨商业大学",201,广东省,2023,本科批,历史类,22,22,490,46153
10242,哈尔滨体育学院,201,广东省,2023,本科批,历史类,8,8,491,45916
10246,"考
复旦大学",201,广东省,2023,本科批,历史类,4,4,665,55
10246,复旦大学,202,广东省,2023,本科批,历史类,14,14,659,92
10247,同济大学,201,广东省,2023,本科批,历史类,6,6,636,588
10247,"育
同济大学",202,广东省,2023,本科批,历史类,2,2,641,429
10248,上海交通大学,201,广东省,2023,本科批,历史类,1,1,667,42
10251,华东理工大学,201,广东省,2023,本科批,历史类,6,6,602,3060
10254,"教
上海海事大学",201,广东省,2023,本科批,历史类,20,20,551,14988
10255,东华大学,201,广东省,2023,本科批,历史类,9,9,594,4229
10264,"省
上海海洋大学",201,广东省,2023,本科批,历史类,15,15,551,14875
10264,上海海洋大学(中外合作办学),203,广东省,2023,本科批,历史类,10,10,530,23235
10269,华东师范大学,201,广东省,2023,本科批,历史类,21,21,621,1329
10271,上海外国语大学,201,广东省,2023,本科批,历史类,10,10,607,2546
10271,上海外国语大学,205,广东省,2023,本科批,历史类,4,4,609,2273
10272,上海财经大学,201,广东省,2023,本科批,历史类,19,19,622,1218
10274,上海海关学院,"教
201",广东省,2023,本科批,历史类,3,3,562,11300
10274,上海海关学院,202,广东省,2023,本科批,历史类,8,8,552,14535
10276,华东政法大学,201,广东省,2023,本科批,历史类,17,17,611,2126
10277,"省
上海体育大学",201,广东省,2023,本科批,历史类,2,2,542,18393
10277,上海体育大学,202,广东省,2023,本科批,历史类,8,8,546,16697
10278,上海音乐学院,201,广东省,2023,本科批,历史类,2,2,576,7645
10279,"东
上海戏剧学院",201,广东省,2023,本科批,历史类,4,4,570,9047
10284,南京大学,201,广东省,2023,本科批,历史类,24,24,651,191
10285,苏州大学,201,广东省,2023,本科批,历史类,2,2,598,3597
10285,"广
苏州大学",202,广东省,2023,本科批,历史类,6,6,607,2508
10285,苏州大学,211,广东省,2023,本科批,历史类,2,2,599,3514
10286,东南大学,201,广东省,2023,本科批,历史类,8,8,617,1610
10289,江苏科技大学,201,广东省,2023,本科批,历史类,3,3,531,23122
10289,江苏科技大学,202,广东省,2023,本科批,历史类,2,2,524,26285
10290,中国矿业大学,201,广东省,2023,本科批,历史类,28,28,576,7611
10291,南京工业大学,201,广东省,2023,本科批,历史类,14,14,544,17219
10294,河海大学,203,广东省,2023,本科批,历史类,14,14,586,5526
10295,江南大学,201,广东省,2023,本科批,历史类,6,6,579,7039
10298,南京林业大学,201,广东省,2023,本科批,历史类,2,2,563,11104
10298,南京林业大学,202,广东省,2023,本科批,历史类,4,4,572,8465
10299,江苏大学,201,广东省,2023,本科批,历史类,4,4,572,8551
10300,南京信息工程大学,202,广东省,2023,本科批,历史类,16,16,558,12583
10304,南通大学,201,广东省,2023,本科批,历史类,4,4,538,19840
10304,南通大学,"院
210",广东省,2023,本科批,历史类,2,2,529,23792
10304,南通大学,211,广东省,2023,本科批,历史类,2,2,529,23766
10307,南京农业大学,201,广东省,2023,本科批,历史类,11,11,580,6771
10312,"试
南京医科大学",201,广东省,2023,本科批,历史类,1,1,566,10053
10315,南京中医药大学,201,广东省,2023,本科批,历史类,4,4,552,14499
10316,"考
中国药科大学",201,广东省,2023,本科批,历史类,1,1,600,3394
10316,中国药科大学,202,广东省,2023,本科批,历史类,3,3,579,6827
10319,南京师范大学,201,广东省,2023,本科批,历史类,5,5,595,3989
10320,"育
江苏师范大学",201,广东省,2023,本科批,历史类,4,4,511,33170
10320,江苏师范大学,202,广东省,2023,本科批,历史类,9,9,528,24161
10324,盐城师范学院,201,广东省,2023,本科批,历史类,2,2,534,21818
10327,"教
南京财经大学",202,广东省,2023,本科批,历史类,16,16,548,15949
10331,南京艺术学院,201,广东省,2023,本科批,历史类,6,6,541,18834
10332,"省
苏州科技大学",202,广东省,2023,本科批,历史类,8,8,536,20849
10332,苏州科技大学,203,广东省,2023,本科批,历史类,2,2,552,14416
10335,浙江大学,201,广东省,2023,本科批,历史类,38,38,646,273
10338,浙江理工大学,201,广东省,2023,本科批,历史类,12,12,540,19227
10341,浙江农林大学,201,广东省,2023,本科批,历史类,8,8,531,23052
10344,浙江中医药大学,202,广东省,2023,本科批,历史类,2,2,517,29665
10344,浙江中医药大学,"教
203",广东省,2023,本科批,历史类,3,3,563,11046
10345,浙江师范大学,201,广东省,2023,本科批,历史类,8,8,566,10276
10345,浙江师范大学,202,广东省,2023,本科批,历史类,4,4,582,6401
10345,"省
浙江师范大学(中外合作办学)",212,广东省,2023,本科批,历史类,4,4,523,26822
10345,浙江师范大学,220,广东省,2023,本科批,历史类,2,2,560,12012
10345,浙江师范大学,225,广东省,2023,本科批,历史类,6,6,544,17370
10347,"东
湖州师范学院",201,广东省,2023,本科批,历史类,2,2,525,25771
10349,绍兴文理学院,201,广东省,2023,本科批,历史类,5,5,501,38775
10351,温州大学,201,广东省,2023,本科批,历史类,3,3,535,21216
10353,"广
浙江工商大学",201,广东省,2023,本科批,历史类,1,1,565,10367
10353,浙江工商大学,202,广东省,2023,本科批,历史类,1,1,558,12530
10353,浙江工商大学,203,广东省,2023,本科批,历史类,13,13,548,16001
10353,浙江工商大学,207,广东省,2023,本科批,历史类,2,2,549,15522
10355,中国美术学院,201,广东省,2023,本科批,历史类,4,4,576,7733
10356,中国计量大学,201,广东省,2023,本科批,历史类,6,6,551,14933
10357,安徽大学,201,广东省,2023,本科批,历史类,24,24,575,7815
10359,合肥工业大学,202,广东省,2023,本科批,历史类,2,2,584,5933
10359,合肥工业大学,203,广东省,2023,本科批,历史类,3,3,582,6393
10364,安徽农业大学,201,广东省,2023,本科批,历史类,9,9,474,58032
10364,安徽农业大学,202,广东省,2023,本科批,历史类,11,11,523,26453
10369,安徽中医药大学,201,广东省,2023,本科批,历史类,2,2,535,20960
10369,安徽中医药大学,202,广东省,2023,本科批,历史类,1,1,561,11702
10370,安徽师范大学,201,广东省,2023,本科批,历史类,10,10,526,25272
10372,安庆师范大学,"院
201",广东省,2023,本科批,历史类,5,5,504,37020
10373,淮北师范大学,201,广东省,2023,本科批,历史类,1,1,537,20492
10373,淮北师范大学,202,广东省,2023,本科批,历史类,4,4,505,36720
10373,"试
淮北师范大学",203,广东省,2023,本科批,历史类,1,1,547,16162
10373,淮北师范大学,204,广东省,2023,本科批,历史类,2,2,528,24123
10377,"考
滁州学院",201,广东省,2023,本科批,历史类,2,2,503,37981
10377,滁州学院,202,广东省,2023,本科批,历史类,18,18,493,44489
10378,安徽财经大学,201,广东省,2023,本科批,历史类,8,8,527,24642
10378,"育
安徽财经大学",204,广东省,2023,本科批,历史类,6,6,528,24204
10384,厦门大学,201,广东省,2023,本科批,历史类,18,18,630,820
10384,厦门大学,202,广东省,2023,本科批,历史类,6,6,630,804
10384,"教
厦门大学(马来西亚分校)",211,广东省,2023,本科批,历史类,8,8,590,4880
10385,华侨大学,202,广东省,2023,本科批,历史类,70,70,530,23563
10385,"省
华侨大学",203,广东省,2023,本科批,历史类,2,2,551,14895
10386,福州大学,201,广东省,2023,本科批,历史类,3,3,581,6438
10389,福建农林大学,201,广东省,2023,本科批,历史类,5,5,527,24746
10389,福建农林大学(中外合作办学),206,广东省,2023,本科批,历史类,2,2,523,26689
10390,集美大学,201,广东省,2023,本科批,历史类,6,6,553,14193
10394,福建师范大学(中外合作办学),208,广东省,2023,本科批,历史类,6,6,519,28703
10394,福建师范大学,"教
212",广东省,2023,本科批,历史类,4,4,574,8135
10394,福建师范大学,213,广东省,2023,本科批,历史类,4,4,577,7348
10394,福建师范大学,214,广东省,2023,本科批,历史类,3,3,584,6027
10395,"省
闽江学院",201,广东省,2023,本科批,历史类,3,3,514,31622
10397,武夷学院,201,广东省,2023,本科批,历史类,1,1,498,41340
10397,武夷学院,202,广东省,2023,本科批,历史类,8,8,496,42530
10399,"东
泉州师范学院",201,广东省,2023,本科批,历史类,2,2,521,27772
10399,泉州师范学院,202,广东省,2023,本科批,历史类,3,3,507,35427
10399,泉州师范学院,209,广东省,2023,本科批,历史类,2,2,530,23223
10403,"广
南昌大学",201,广东省,2023,本科批,历史类,2,2,584,6015
10403,南昌大学,210,广东省,2023,本科批,历史类,7,7,583,6220
10403,南昌大学(联合培养),213,广东省,2023,本科批,历史类,2,2,575,7931
10404,华东交通大学,201,广东省,2023,本科批,历史类,4,4,533,22281
10404,华东交通大学,202,广东省,2023,本科批,历史类,25,25,533,22179
10404,华东交通大学,208,广东省,2023,本科批,历史类,8,8,524,26222
10405,东华理工大学,201,广东省,2023,本科批,历史类,12,12,516,30270
10407,江西理工大学,201,广东省,2023,本科批,历史类,8,8,457,73213
10407,江西理工大学,202,广东省,2023,本科批,历史类,18,18,523,26736
10410,江西农业大学,201,广东省,2023,本科批,历史类,1,1,552,14483
10410,江西农业大学,202,广东省,2023,本科批,历史类,4,4,532,22446
10410,江西农业大学,203,广东省,2023,本科批,历史类,2,2,534,21733
10412,江西中医药大学,201,广东省,2023,本科批,历史类,3,3,514,31210
10412,江西中医药大学,202,广东省,2023,本科批,历史类,1,1,552,14300
10412,江西中医药大学,"院
208",广东省,2023,本科批,历史类,3,3,525,25657
10414,江西师范大学,201,广东省,2023,本科批,历史类,4,4,566,10295
10414,江西师范大学,202,广东省,2023,本科批,历史类,71,71,539,19447
10414,"试
江西师范大学",203,广东省,2023,本科批,历史类,3,3,568,9630
10414,江西师范大学,204,广东省,2023,本科批,历史类,1,1,561,11672
10414,"考
江西师范大学",205,广东省,2023,本科批,历史类,3,3,577,7375
10414,江西师范大学,217,广东省,2023,本科批,历史类,4,4,526,25327
10414,江西师范大学,219,广东省,2023,本科批,历史类,1,1,538,19766
10416,"育
上饶师范学院",202,广东省,2023,本科批,历史类,19,19,498,41387
10416,上饶师范学院,203,广东省,2023,本科批,历史类,3,3,499,40250
10416,上饶师范学院,213,广东省,2023,本科批,历史类,5,5,499,40529
10416,"教
上饶师范学院",214,广东省,2023,本科批,历史类,3,3,494,43854
10416,上饶师范学院,215,广东省,2023,本科批,历史类,2,2,498,41354
10417,"省
宜春学院",201,广东省,2023,本科批,历史类,8,8,495,43272
10417,宜春学院,202,广东省,2023,本科批,历史类,1,1,508,34877
10418,赣南师范大学,201,广东省,2023,本科批,历史类,1,1,524,26242
10418,赣南师范大学,203,广东省,2023,本科批,历史类,5,5,542,18276
10418,赣南师范大学,214,广东省,2023,本科批,历史类,4,4,513,31876
10419,井冈山大学,202,广东省,2023,本科批,历史类,10,10,509,34333
10419,井冈山大学,"教
208",广东省,2023,本科批,历史类,4,4,531,22729
10421,江西财经大学,201,广东省,2023,本科批,历史类,3,3,540,19057
10421,江西财经大学,202,广东省,2023,本科批,历史类,53,53,541,18544
10421,"省
江西财经大学(中外合作办学)",208,广东省,2023,本科批,历史类,2,2,533,22310
10421,江西财经大学,211,广东省,2023,本科批,历史类,25,25,539,19314
10422,山东大学,201,广东省,2023,本科批,历史类,33,33,603,2974
10422,"东
山东大学",202,广东省,2023,本科批,历史类,2,2,612,2058
10423,中国海洋大学,201,广东省,2023,本科批,历史类,21,21,600,3328
10423,中国海洋大学,202,广东省,2023,本科批,历史类,2,2,604,2860
10423,"广
中国海洋大学(中外合作办学)",206,广东省,2023,本科批,历史类,4,4,598,3609
10423,中国海洋大学,209,广东省,2023,本科批,历史类,7,7,597,3726
10424,山东科技大学,201,广东省,2023,本科批,历史类,2,2,539,19614
10427,济南大学,201,广东省,2023,本科批,历史类,28,28,531,22889
10427,济南大学,202,广东省,2023,本科批,历史类,2,2,557,12938
10429,青岛理工大学,201,广东省,2023,本科批,历史类,2,2,519,28743
10429,青岛理工大学,202,广东省,2023,本科批,历史类,3,3,499,40402
10430,山东建筑大学,202,广东省,2023,本科批,历史类,4,4,514,31153
10431,齐鲁工业大学,201,广东省,2023,本科批,历史类,17,17,502,38296
10434,山东农业大学,201,广东省,2023,本科批,历史类,6,6,519,28612
10435,青岛农业大学,201,广东省,2023,本科批,历史类,3,3,514,31473
10435,青岛农业大学,202,广东省,2023,本科批,历史类,6,6,502,38421
10435,青岛农业大学,203,广东省,2023,本科批,历史类,3,3,447,82256
10439,山东第一医科大学,201,广东省,2023,本科批,历史类,10,10,500,39837
10440,滨州医学院,"院
201",广东省,2023,本科批,历史类,3,3,535,21157
10445,山东师范大学,201,广东省,2023,本科批,历史类,21,21,548,16073
10445,山东师范大学,202,广东省,2023,本科批,历史类,4,4,553,13993
10445,"试
山东师范大学",203,广东省,2023,本科批,历史类,1,1,577,7310
10445,山东师范大学(中外合作办学),210,广东省,2023,本科批,历史类,5,5,508,34656
10449,"考
滨州学院",201,广东省,2023,本科批,历史类,1,1,500,39460
10451,鲁东大学,201,广东省,2023,本科批,历史类,8,8,528,24211
10452,临沂大学,201,广东省,2023,本科批,历史类,16,16,506,35814
10455,"育
菏泽学院",201,广东省,2023,本科批,历史类,5,5,496,42498
10455,菏泽学院,202,广东省,2023,本科批,历史类,2,2,500,39822
10456,山东财经大学,201,广东省,2023,本科批,历史类,10,10,536,20531
10459,"教
郑州大学",201,广东省,2023,本科批,历史类,4,4,583,6189
10459,郑州大学,205,广东省,2023,本科批,历史类,1,1,590,4778
10460,"省
河南理工大学",201,广东省,2023,本科批,历史类,6,6,476,56405
10462,郑州轻工业大学,201,广东省,2023,本科批,历史类,11,11,504,36943
10463,河南工业大学,201,广东省,2023,本科批,历史类,1,1,528,24220
10463,河南工业大学(中外合作办学),207,广东省,2023,本科批,历史类,6,6,495,43266
10464,河南科技大学,201,广东省,2023,本科批,历史类,10,10,510,33506
10466,河南农业大学,201,广东省,2023,本科批,历史类,2,2,531,22971
10466,河南农业大学,"教
202",广东省,2023,本科批,历史类,4,4,514,31271
10471,河南中医药大学,201,广东省,2023,本科批,历史类,6,6,554,13599
10471,河南中医药大学,202,广东省,2023,本科批,历史类,3,3,557,12932
10475,"省
河南大学",201,广东省,2023,本科批,历史类,2,2,572,8577
10475,河南大学,202,广东省,2023,本科批,历史类,3,3,525,25966
10475,河南大学,203,广东省,2023,本科批,历史类,2,2,544,17252
10475,"东
河南大学",204,广东省,2023,本科批,历史类,2,2,533,22070
10475,河南大学,205,广东省,2023,本科批,历史类,11,11,550,15316
10475,河南大学,206,广东省,2023,本科批,历史类,5,5,572,8659
10475,"广
河南大学(中外合作办学)",213,广东省,2023,本科批,历史类,5,5,506,35941
10475,河南大学(中外合作办学),214,广东省,2023,本科批,历史类,5,5,544,17304
10475,河南大学,217,广东省,2023,本科批,历史类,14,14,539,19385
10475,河南大学,222,广东省,2023,本科批,历史类,4,4,541,18526
10476,河南师范大学,201,广东省,2023,本科批,历史类,2,2,551,14929
10476,河南师范大学,202,广东省,2023,本科批,历史类,8,8,526,25049
10477,信阳师范大学(中外合作办学),204,广东省,2023,本科批,历史类,4,4,490,46178
10481,南阳师范学院,201,广东省,2023,本科批,历史类,8,8,494,43476
10481,南阳师范学院,202,广东省,2023,本科批,历史类,3,3,493,44100
10483,商丘师范学院,201,广东省,2023,本科批,历史类,7,7,493,44347
10484,河南财经政法大学,201,广东省,2023,本科批,历史类,5,5,532,22676
10484,河南财经政法大学(中外合作办学),206,广东省,2023,本科批,历史类,2,2,513,31722
10484,河南财经政法大学(中外合作办学),207,广东省,2023,本科批,历史类,1,1,517,29832
10485,郑州航空工业管理学院,201,广东省,2023,本科批,历史类,8,8,501,39215
10486,武汉大学,"院
201",广东省,2023,本科批,历史类,51,51,642,382
10486,武汉大学,207,广东省,2023,本科批,历史类,2,2,627,973
10486,武汉大学,209,广东省,2023,本科批,历史类,2,2,604,2841
10487,"试
华中科技大学",201,广东省,2023,本科批,历史类,2,2,613,1961
10487,华中科技大学,202,广东省,2023,本科批,历史类,30,30,613,1917
10488,"考
武汉科技大学",201,广东省,2023,本科批,历史类,6,6,534,21646
10488,武汉科技大学,202,广东省,2023,本科批,历史类,21,21,529,23830
10489,长江大学,201,广东省,2023,本科批,历史类,2,2,464,66946
10489,"育
长江大学",202,广东省,2023,本科批,历史类,2,2,530,23359
10491,中国地质大学(武汉),201,广东省,2023,本科批,历史类,20,20,583,6083
10491,中国地质大学(武汉),202,广东省,2023,本科批,历史类,2,2,588,5212
10495,"教
武汉纺织大学",201,广东省,2023,本科批,历史类,2,2,517,29616
10495,武汉纺织大学,202,广东省,2023,本科批,历史类,10,10,521,27480
10496,"省
武汉轻工大学",201,广东省,2023,本科批,历史类,2,2,532,22594
10496,武汉轻工大学,202,广东省,2023,本科批,历史类,6,6,522,27178
10497,武汉理工大学,201,广东省,2023,本科批,历史类,23,23,585,5685
10497,武汉理工大学(中外合作办学),207,广东省,2023,本科批,历史类,2,2,582,6408
10500,湖北工业大学,201,广东省,2023,本科批,历史类,24,24,521,27526
10504,华中农业大学,202,广东省,2023,本科批,历史类,7,7,580,6662
10507,湖北中医药大学,"教
201",广东省,2023,本科批,历史类,1,1,515,30901
10507,湖北中医药大学,202,广东省,2023,本科批,历史类,9,9,515,31055
10507,湖北中医药大学,203,广东省,2023,本科批,历史类,13,13,564,10738
10511,"省
华中师范大学",201,广东省,2023,本科批,历史类,33,33,599,3482
10511,华中师范大学,202,广东省,2023,本科批,历史类,4,4,607,2486
10512,湖北大学,210,广东省,2023,本科批,历史类,41,41,547,16245
10512,"东
湖北大学(中外合作办学)",213,广东省,2023,本科批,历史类,4,4,527,24645
10512,湖北大学,214,广东省,2023,本科批,历史类,3,3,545,17069
10513,湖北师范大学,201,广东省,2023,本科批,历史类,4,4,534,21846
10519,"广
湖北文理学院",201,广东省,2023,本科批,历史类,4,4,513,31963
10519,湖北文理学院,204,广东省,2023,本科批,历史类,2,2,504,37218
10520,中南财经政法大学,201,广东省,2023,本科批,历史类,7,7,593,4428
10520,中南财经政法大学,202,广东省,2023,本科批,历史类,1,1,591,4707
10520,中南财经政法大学,203,广东省,2023,本科批,历史类,1,1,590,4779
10520,中南财经政法大学,204,广东省,2023,本科批,历史类,2,2,592,4567
10520,中南财经政法大学,205,广东省,2023,本科批,历史类,88,88,598,3663
10522,武汉体育学院,201,广东省,2023,本科批,历史类,2,2,514,31177
10522,武汉体育学院,202,广东省,2023,本科批,历史类,2,2,518,29313
10524,中南民族大学,202,广东省,2023,本科批,历史类,4,4,553,14028
10528,湖北工程学院,201,广东省,2023,本科批,历史类,1,1,500,39792
10530,湘潭大学,201,广东省,2023,本科批,历史类,3,3,567,10033
10530,湘潭大学,202,广东省,2023,本科批,历史类,25,25,564,10626
10531,吉首大学,201,广东省,2023,本科批,历史类,4,4,456,73515
10531,吉首大学,"院
202",广东省,2023,本科批,历史类,8,8,524,26185
10532,湖南大学,203,广东省,2023,本科批,历史类,34,34,608,2443
10533,中南大学,201,广东省,2023,本科批,历史类,31,31,611,2109
10534,"试
湖南科技大学",201,广东省,2023,本科批,历史类,4,4,528,24317
10534,湖南科技大学,202,广东省,2023,本科批,历史类,4,4,523,26472
10534,"考
湖南科技大学",203,广东省,2023,本科批,历史类,55,55,524,26164
10534,湖南科技大学,204,广东省,2023,本科批,历史类,1,1,542,18082
10534,湖南科技大学,205,广东省,2023,本科批,历史类,2,2,555,13481
10536,"育
长沙理工大学",201,广东省,2023,本科批,历史类,13,13,545,17102
10536,长沙理工大学,207,广东省,2023,本科批,历史类,19,19,528,24074
10537,湖南农业大学,201,广东省,2023,本科批,历史类,6,6,529,23719
10537,"教
湖南农业大学",202,广东省,2023,本科批,历史类,33,33,526,25430
10537,湖南农业大学,203,广东省,2023,本科批,历史类,3,3,544,17383
10537,"省
湖南农业大学(中外合作办学)",213,广东省,2023,本科批,历史类,10,10,504,37116
10537,湖南农业大学,216,广东省,2023,本科批,历史类,2,2,534,21427
10538,中南林业科技大学,201,广东省,2023,本科批,历史类,3,3,529,23927
10538,中南林业科技大学,203,广东省,2023,本科批,历史类,4,4,520,28223
10538,中南林业科技大学,204,广东省,2023,本科批,历史类,32,32,519,28424
10543,湖南理工学院,201,广东省,2023,本科批,历史类,27,27,509,34574
10545,湘南学院,"教
201",广东省,2023,本科批,历史类,2,2,506,36043
10545,湘南学院,202,广东省,2023,本科批,历史类,5,5,493,44048
10546,衡阳师范学院,201,广东省,2023,本科批,历史类,4,4,490,46755
10546,"省
衡阳师范学院",202,广东省,2023,本科批,历史类,12,12,501,38958
10546,衡阳师范学院,209,广东省,2023,本科批,历史类,2,2,504,37062
10547,邵阳学院,201,广东省,2023,本科批,历史类,2,2,496,42521
10547,"东
邵阳学院",202,广东省,2023,本科批,历史类,11,11,498,41390
10547,邵阳学院,203,广东省,2023,本科批,历史类,1,1,527,24557
10547,邵阳学院,209,广东省,2023,本科批,历史类,2,2,506,36148
10548,"广
怀化学院",201,广东省,2023,本科批,历史类,4,4,493,44570
10548,怀化学院,209,广东省,2023,本科批,历史类,2,2,499,40706
10549,湖南文理学院,201,广东省,2023,本科批,历史类,3,3,501,39016
10549,湖南文理学院,202,广东省,2023,本科批,历史类,14,14,503,37710
10551,湖南科技学院,201,广东省,2023,本科批,历史类,6,6,496,42506
10551,湖南科技学院,202,广东省,2023,本科批,历史类,6,6,499,40080
10553,湖南人文科技学院,201,广东省,2023,本科批,历史类,6,6,494,43517
10553,湖南人文科技学院(中外合作办学),204,广东省,2023,本科批,历史类,3,3,484,50915
10554,湖南工商大学,201,广东省,2023,本科批,历史类,1,1,527,24744
10555,南华大学,201,广东省,2023,本科批,历史类,16,16,534,21516
10555,南华大学,206,广东省,2023,本科批,历史类,4,4,529,23629
10558,中山大学,201,广东省,2023,本科批,历史类,167,167,627,968
10558,中山大学,202,广东省,2023,本科批,历史类,168,168,616,1647
10558,中山大学,218,广东省,2023,本科批,历史类,191,191,623,1174
10558,中山大学,"院
219",广东省,2023,本科批,历史类,54,54,620,1378
10559,暨南大学,201,广东省,2023,本科批,历史类,319,319,592,4551
10559,暨南大学,202,广东省,2023,本科批,历史类,8,8,601,3219
10559,"试
暨南大学",221,广东省,2023,本科批,历史类,18,18,606,2603
10559,暨南大学,222,广东省,2023,本科批,历史类,28,28,602,3048
10559,"考
暨南大学",223,广东省,2023,本科批,历史类,38,38,609,2287
10559,暨南大学,224,广东省,2023,本科批,历史类,6,6,613,1972
10560,汕头大学,201,广东省,2023,本科批,历史类,675,675,541,18494
10560,"育
汕头大学(地方专项)",206,广东省,2023,本科批,历史类,47,47,537,20507
10561,华南理工大学,201,广东省,2023,本科批,历史类,199,199,603,2971
10564,华南农业大学,201,广东省,2023,本科批,历史类,70,70,569,9391
10564,"教
华南农业大学",202,广东省,2023,本科批,历史类,1986,1986,550,15345
10564,华南农业大学,203,广东省,2023,本科批,历史类,7,7,564,10816
10564,"省
华南农业大学(中外合作办学)",204,广东省,2023,本科批,历史类,2,2,564,10839
10564,华南农业大学(国际班),205,广东省,2023,本科批,历史类,210,210,521,27649
10566,广东海洋大学,221,广东省,2023,本科批,历史类,285,285,519,28500
10566,广东海洋大学,223,广东省,2023,本科批,历史类,20,20,526,25468
10566,广东海洋大学,224,广东省,2023,本科批,历史类,47,47,514,31186
10566,广东海洋大学(地方专项),226,广东省,2023,本科批,历史类,8,3,510,33555
10566,广东海洋大学,"教
227",广东省,2023,本科批,历史类,158,158,510,33619
10570,广州医科大学,207,广东省,2023,本科批,历史类,32,32,569,9431
10570,广州医科大学,208,广东省,2023,本科批,历史类,20,20,543,17915
10570,"省
广州医科大学",209,广东省,2023,本科批,历史类,74,74,546,16578
10570,广州医科大学(地方专项),210,广东省,2023,本科批,历史类,5,5,543,17832
10570,广州医科大学(地方专项),211,广东省,2023,本科批,历史类,10,10,526,25495
10571,"东
广东医科大学",205,广东省,2023,本科批,历史类,179,179,481,52731
10571,广东医科大学,206,广东省,2023,本科批,历史类,24,24,533,22011
10571,广东医科大学,207,广东省,2023,本科批,历史类,396,396,506,36304
10572,"广
广州中医药大学",209,广东省,2023,本科批,历史类,16,16,609,2302
10572,广州中医药大学,210,广东省,2023,本科批,历史类,35,35,585,5806
10572,广州中医药大学,211,广东省,2023,本科批,历史类,94,94,540,19202
10572,广州中医药大学(地方专项),213,广东省,2023,本科批,历史类,10,10,543,17658
10572,广州中医药大学(地方专项),214,广东省,2023,本科批,历史类,5,5,520,27967
10573,广东药科大学,205,广东省,2023,本科批,历史类,108,108,528,24514
10573,广东药科大学,206,广东省,2023,本科批,历史类,30,30,491,45643
10574,华南师范大学,201,广东省,2023,本科批,历史类,562,562,591,4697
10574,华南师范大学,202,广东省,2023,本科批,历史类,79,79,595,3961
10574,华南师范大学,204,广东省,2023,本科批,历史类,572,572,580,6770
10574,华南师范大学,205,广东省,2023,本科批,历史类,100,100,589,5080
10574,华南师范大学,206,广东省,2023,本科批,历史类,7,7,594,4211
10574,华南师范大学(地方专项),207,广东省,2023,本科批,历史类,83,83,555,13455
10574,华南师范大学(地方专项),208,广东省,2023,本科批,历史类,5,5,570,9167
10574,华南师范大学(中外合作办学),"院
209",广东省,2023,本科批,历史类,30,30,570,9128
10574,华南师范大学(联合培养),210,广东省,2023,本科批,历史类,120,120,564,10763
10576,韶关学院,201,广东省,2023,本科批,历史类,225,225,509,34515
10576,"试
韶关学院",202,广东省,2023,本科批,历史类,130,130,503,37747
10576,韶关学院,203,广东省,2023,本科批,历史类,57,57,498,40976
10576,"考
韶关学院(学分互认)",204,广东省,2023,本科批,历史类,25,25,492,44739
10576,韶关学院(学分互认),206,广东省,2023,本科批,历史类,25,25,493,44383
10576,韶关学院,207,广东省,2023,本科批,历史类,67,67,502,38336
10576,"育
韶关学院",209,广东省,2023,本科批,历史类,47,47,494,43691
10576,韶关学院(协同培养),210,广东省,2023,本科批,历史类,20,20,493,44293
10576,韶关学院,211,广东省,2023,本科批,历史类,32,32,512,32650
10576,"教
韶关学院",212,广东省,2023,本科批,历史类,45,45,494,43570
10576,韶关学院,244,广东省,2023,本科批,历史类,55,55,493,44455
10576,"省
韶关学院",245,广东省,2023,本科批,历史类,195,195,495,42864
10576,韶关学院,246,广东省,2023,本科批,历史类,47,47,495,42940
10576,韶关学院,248,广东省,2023,本科批,历史类,22,22,498,41040
10577,惠州学院,201,广东省,2023,本科批,历史类,65,65,523,26901
10577,惠州学院,202,广东省,2023,本科批,历史类,94,94,508,34744
10577,惠州学院,204,广东省,2023,本科批,历史类,175,175,527,24896
10577,惠州学院,"教
205",广东省,2023,本科批,历史类,131,131,514,31462
10577,惠州学院,206,广东省,2023,本科批,历史类,78,78,518,29097
10577,惠州学院,207,广东省,2023,本科批,历史类,23,23,507,35739
10577,"省
惠州学院",208,广东省,2023,本科批,历史类,45,45,513,32034
10577,惠州学院,209,广东省,2023,本科批,历史类,30,30,502,38392
10577,惠州学院,210,广东省,2023,本科批,历史类,131,131,515,30884
10577,"东
惠州学院",211,广东省,2023,本科批,历史类,229,229,497,41493
10577,惠州学院,212,广东省,2023,本科批,历史类,27,27,498,41274
10577,惠州学院,213,广东省,2023,本科批,历史类,17,17,490,46699
10577,"广
惠州学院",214,广东省,2023,本科批,历史类,20,20,500,39768
10577,惠州学院(中外合作办学),215,广东省,2023,本科批,历史类,48,48,472,60223
10578,韩山师范学院,217,广东省,2023,本科批,历史类,38,38,514,31525
10578,韩山师范学院,218,广东省,2023,本科批,历史类,38,38,508,34601
10578,韩山师范学院,219,广东省,2023,本科批,历史类,932,932,494,43779
10578,韩山师范学院(协同培养),221,广东省,2023,本科批,历史类,20,20,494,43813
10578,韩山师范学院(协同培养),223,广东省,2023,本科批,历史类,25,25,496,42680
10578,韩山师范学院(中外合作办学),225,广东省,2023,本科批,历史类,40,40,481,52531
10579,岭南师范学院,201,广东省,2023,本科批,历史类,155,155,518,28967
10579,岭南师范学院,203,广东省,2023,本科批,历史类,148,148,513,31728
10579,岭南师范学院,204,广东省,2023,本科批,历史类,74,74,503,37604
10579,岭南师范学院,205,广东省,2023,本科批,历史类,412,412,506,36142
10579,岭南师范学院,206,广东省,2023,本科批,历史类,661,661,512,32509
10579,岭南师范学院(中外合作办学),207,广东省,2023,本科批,历史类,25,25,483,51458
10580,肇庆学院,"院
201",广东省,2023,本科批,历史类,804,804,496,42285
10580,肇庆学院,202,广东省,2023,本科批,历史类,40,40,500,39505
10580,肇庆学院,204,广东省,2023,本科批,历史类,36,36,496,42168
10580,"试
肇庆学院",206,广东省,2023,本科批,历史类,64,64,513,32133
10582,嘉应学院,213,广东省,2023,本科批,历史类,784,784,500,39868
10582,"考
嘉应学院",214,广东省,2023,本科批,历史类,223,223,496,42394
10582,嘉应学院,215,广东省,2023,本科批,历史类,57,57,505,36432
10582,嘉应学院,216,广东省,2023,本科批,历史类,49,49,498,41376
10582,"育
嘉应学院",217,广东省,2023,本科批,历史类,65,65,500,39666
10585,广州体育学院,201,广东省,2023,本科批,历史类,12,12,504,37369
10586,广州美术学院,201,广东省,2023,本科批,历史类,56,56,515,30743
10586,"教
广州美术学院",202,广东省,2023,本科批,历史类,9,9,484,50986
10587,星海音乐学院,202,广东省,2023,本科批,历史类,16,16,527,24887
10588,"省
广东技术师范大学",211,广东省,2023,本科批,历史类,143,143,545,17074
10588,广东技术师范大学,212,广东省,2023,本科批,历史类,577,577,523,26530
10588,广东技术师范大学(地方专项),213,广东省,2023,本科批,历史类,12,12,539,19430
10588,广东技术师范大学(协同培养),215,广东省,2023,本科批,历史类,40,40,494,43562
10588,广东技术师范大学(学分互认),216,广东省,2023,本科批,历史类,98,98,494,43863
10589,海南大学,202,广东省,2023,本科批,历史类,19,19,578,7092
10589,海南大学,"教
204",广东省,2023,本科批,历史类,1,1,593,4424
10589,海南大学(中外合作办学),211,广东省,2023,本科批,历史类,13,13,533,22308
10589,海南大学(中外合作办学),212,广东省,2023,本科批,历史类,3,3,541,18487
10590,"省
深圳大学",201,广东省,2023,本科批,历史类,130,130,583,6192
10590,深圳大学,202,广东省,2023,本科批,历史类,10,10,604,2878
10590,深圳大学,203,广东省,2023,本科批,历史类,435,435,577,7480
10590,"东
深圳大学",204,广东省,2023,本科批,历史类,15,15,582,6249
10590,深圳大学,205,广东省,2023,本科批,历史类,254,254,586,5619
10590,深圳大学,206,广东省,2023,本科批,历史类,33,33,574,8034
10590,"广
深圳大学",207,广东省,2023,本科批,历史类,63,63,575,7812
10590,深圳大学,208,广东省,2023,本科批,历史类,114,114,581,6521
10590,深圳大学,209,广东省,2023,本科批,历史类,207,207,588,5213
10590,深圳大学(地方专项),211,广东省,2023,本科批,历史类,65,65,553,14151
10592,广东财经大学,201,广东省,2023,本科批,历史类,1607,1607,534,21557
10592,广东财经大学(联合培养),203,广东省,2023,本科批,历史类,100,100,521,27486
10592,广东财经大学,205,广东省,2023,本科批,历史类,20,20,535,21295
10596,桂林理工大学,201,广东省,2023,本科批,历史类,3,3,509,34005
10596,桂林理工大学,202,广东省,2023,本科批,历史类,3,3,519,28438
10599,右江民族医学院,202,广东省,2023,本科批,历史类,1,1,496,42472
10599,右江民族医学院,203,广东省,2023,本科批,历史类,1,1,526,25048
10599,右江民族医学院,209,广东省,2023,本科批,历史类,1,1,504,37081
10600,广西中医药大学,201,广东省,2023,本科批,历史类,6,6,559,12332
10600,广西中医药大学,202,广东省,2023,本科批,历史类,1,1,564,10770
10600,广西中医药大学,"院
203",广东省,2023,本科批,历史类,1,1,558,12458
10600,广西中医药大学,210,广东省,2023,本科批,历史类,2,2,584,5946
10600,广西中医药大学,211,广东省,2023,本科批,历史类,4,4,519,28505
10602,"试
广西师范大学",201,广东省,2023,本科批,历史类,23,23,555,13434
10602,广西师范大学,202,广东省,2023,本科批,历史类,4,4,559,12178
10602,"考
广西师范大学",216,广东省,2023,本科批,历史类,2,2,514,31552
10602,广西师范大学,218,广东省,2023,本科批,历史类,2,2,576,7590
10603,南宁师范大学,201,广东省,2023,本科批,历史类,14,14,524,25971
10606,"育
玉林师范学院",201,广东省,2023,本科批,历史类,9,9,493,44275
10606,玉林师范学院,202,广东省,2023,本科批,历史类,33,33,497,41660
10606,玉林师范学院,210,广东省,2023,本科批,历史类,5,5,498,41265
10607,"教
广西艺术学院",201,广东省,2023,本科批,历史类,23,23,493,44420
10607,广西艺术学院,203,广东省,2023,本科批,历史类,3,3,492,45015
10608,"省
广西民族大学",201,广东省,2023,本科批,历史类,5,5,518,29356
10608,广西民族大学,202,广东省,2023,本科批,历史类,16,16,514,31626
10608,广西民族大学(联合培养),203,广东省,2023,本科批,历史类,2,2,509,34376
10610,四川大学,202,广东省,2023,本科批,历史类,12,12,609,2281
10610,四川大学,215,广东省,2023,本科批,历史类,3,3,578,7255
10613,西南交通大学,201,广东省,2023,本科批,历史类,11,11,590,4843
10613,西南交通大学,"教
202",广东省,2023,本科批,历史类,2,2,591,4764
10615,西南石油大学,201,广东省,2023,本科批,历史类,6,6,549,15445
10615,西南石油大学,202,广东省,2023,本科批,历史类,2,2,547,16220
10615,"省
西南石油大学",203,广东省,2023,本科批,历史类,2,2,543,18009
10615,西南石油大学,204,广东省,2023,本科批,历史类,4,4,560,11816
10615,西南石油大学,205,广东省,2023,本科批,历史类,4,4,559,12136
10616,"东
成都理工大学",201,广东省,2023,本科批,历史类,6,6,536,20728
10616,成都理工大学,202,广东省,2023,本科批,历史类,7,7,540,19220
10616,成都理工大学,214,广东省,2023,本科批,历史类,3,3,554,13717
10618,"广
重庆交通大学",201,广东省,2023,本科批,历史类,3,3,537,20233
10618,重庆交通大学,202,广东省,2023,本科批,历史类,18,18,527,24641
10619,西南科技大学,201,广东省,2023,本科批,历史类,4,4,517,29731
10619,西南科技大学,202,广东省,2023,本科批,历史类,3,3,520,28356
10619,西南科技大学,203,广东省,2023,本科批,历史类,6,6,524,26410
10619,西南科技大学,204,广东省,2023,本科批,历史类,3,3,537,20319
10621,成都信息工程大学,201,广东省,2023,本科批,历史类,5,5,526,25026
10623,西华大学(本科预科班),201,广东省,2023,本科批,历史类,2,2,455,74599
10623,西华大学,202,广东省,2023,本科批,历史类,8,8,537,20379
10624,中国民用航空飞行学院,202,广东省,2023,本科批,历史类,4,4,508,34889
10624,中国民用航空飞行学院,203,广东省,2023,本科批,历史类,1,1,514,31258
10631,重庆医科大学,201,广东省,2023,本科批,历史类,3,3,542,18183
10633,成都中医药大学(中外合作办学),205,广东省,2023,本科批,历史类,2,2,524,26106
10634,川北医学院,201,广东省,2023,本科批,历史类,5,5,493,44528
10634,川北医学院,"院
202",广东省,2023,本科批,历史类,5,5,534,21454
10635,西南大学,201,广东省,2023,本科批,历史类,1,1,598,3649
10635,西南大学,202,广东省,2023,本科批,历史类,7,7,591,4643
10635,"试
西南大学(中外合作办学)",213,广东省,2023,本科批,历史类,1,1,594,4169
10635,西南大学(中外合作办学),214,广东省,2023,本科批,历史类,1,1,580,6666
10636,"考
四川师范大学",201,广东省,2023,本科批,历史类,39,39,529,23616
10636,四川师范大学,202,广东省,2023,本科批,历史类,8,8,544,17388
10636,四川师范大学,203,广东省,2023,本科批,历史类,9,9,561,11445
10636,"育
四川师范大学",204,广东省,2023,本科批,历史类,2,2,563,10883
10636,四川师范大学,214,广东省,2023,本科批,历史类,2,2,564,10859
10636,四川师范大学,221,广东省,2023,本科批,历史类,4,4,543,17958
10637,"教
重庆师范大学",201,广东省,2023,本科批,历史类,21,21,519,28413
10637,重庆师范大学,202,广东省,2023,本科批,历史类,2,2,568,9741
10638,"省
西华师范大学",201,广东省,2023,本科批,历史类,10,10,454,75583
10640,内江师范学院,201,广东省,2023,本科批,历史类,8,8,508,35063
10640,内江师范学院,202,广东省,2023,本科批,历史类,1,1,505,36475
10643,重庆三峡学院,201,广东省,2023,本科批,历史类,1,1,506,36097
10643,重庆三峡学院,202,广东省,2023,本科批,历史类,5,5,508,34928
10647,长江师范学院,201,广东省,2023,本科批,历史类,2,2,513,31686
10649,乐山师范学院,"教
201",广东省,2023,本科批,历史类,8,8,494,43746
10650,四川外国语大学,201,广东省,2023,本科批,历史类,10,10,534,21694
10650,四川外国语大学,202,广东省,2023,本科批,历史类,6,6,536,20907
10650,"省
四川外国语大学(中外合作办学)",205,广东省,2023,本科批,历史类,3,3,526,25317
10650,四川外国语大学(中外合作办学),206,广东省,2023,本科批,历史类,2,2,518,29327
10651,西南财经大学,201,广东省,2023,本科批,历史类,24,24,603,2929
10651,"东
西南财经大学(中外合作办学)",204,广东省,2023,本科批,历史类,10,10,587,5364
10652,西南政法大学,201,广东省,2023,本科批,历史类,6,6,602,3051
10652,西南政法大学,202,广东省,2023,本科批,历史类,85,92,609,2347
10652,"广
西南政法大学(中外合作办学)",205,广东省,2023,本科批,历史类,6,6,610,2256
10654,四川音乐学院,201,广东省,2023,本科批,历史类,7,7,516,30017
10654,四川音乐学院,203,广东省,2023,本科批,历史类,2,2,526,25345
10654,四川音乐学院(联合培养),206,广东省,2023,本科批,历史类,5,5,483,51748
10655,四川美术学院,201,广东省,2023,本科批,历史类,3,3,533,22251
10656,西南民族大学,201,广东省,2023,本科批,历史类,27,27,539,19459
10656,西南民族大学,204,广东省,2023,本科批,历史类,3,3,529,23984
10657,贵州大学,207,广东省,2023,本科批,历史类,2,2,573,8254
10661,遵义医科大学,201,广东省,2023,本科批,历史类,44,44,508,34857
10661,遵义医科大学,206,广东省,2023,本科批,历史类,2,2,497,41996
10662,贵州中医药大学,201,广东省,2023,本科批,历史类,5,5,554,13860
10662,贵州中医药大学,202,广东省,2023,本科批,历史类,2,2,548,15911
10663,贵州师范大学,202,广东省,2023,本科批,历史类,4,4,548,15826
10663,贵州师范大学,203,广东省,2023,本科批,历史类,4,4,534,21790
10663,贵州师范大学,"院
204",广东省,2023,本科批,历史类,4,4,534,21628
10663,贵州师范大学(中外合作办学),209,广东省,2023,本科批,历史类,5,5,483,51441
10664,遵义师范学院,201,广东省,2023,本科批,历史类,2,2,511,33250
10664,"试
遵义师范学院",202,广东省,2023,本科批,历史类,2,2,509,34085
10667,安顺学院,201,广东省,2023,本科批,历史类,1,1,499,40447
10667,"考
安顺学院",202,广东省,2023,本科批,历史类,1,1,494,43639
10667,安顺学院,203,广东省,2023,本科批,历史类,1,1,496,42454
10668,贵州工程应用技术学院,201,广东省,2023,本科批,历史类,2,2,503,37657
10668,"育
贵州工程应用技术学院",203,广东省,2023,本科批,历史类,2,2,497,41556
10668,贵州工程应用技术学院,204,广东省,2023,本科批,历史类,2,2,497,41784
10669,凯里学院,201,广东省,2023,本科批,历史类,3,3,491,45481
10669,"教
凯里学院",202,广东省,2023,本科批,历史类,3,3,492,45237
10669,凯里学院,203,广东省,2023,本科批,历史类,4,4,497,41454
10671,"省
贵州财经大学",201,广东省,2023,本科批,历史类,3,3,520,28094
10673,云南大学,201,广东省,2023,本科批,历史类,17,17,579,6861
10673,云南大学,202,广东省,2023,本科批,历史类,1,1,579,7014
10679,大理大学,201,广东省,2023,本科批,历史类,4,4,507,35730
10680,云南中医药大学,201,广东省,2023,本科批,历史类,2,2,534,21765
10681,云南师范大学,201,广东省,2023,本科批,历史类,22,22,521,27539
10687,红河学院,"教
201",广东省,2023,本科批,历史类,8,8,492,44888
10687,红河学院,204,广东省,2023,本科批,历史类,2,2,495,42988
10689,云南财经大学,201,广东省,2023,本科批,历史类,10,10,519,28562
10689,"省
云南财经大学",202,广东省,2023,本科批,历史类,2,2,525,25876
10689,云南财经大学(中外合作办学),206,广东省,2023,本科批,历史类,19,19,500,39786
10689,云南财经大学(中外合作办学),209,广东省,2023,本科批,历史类,6,6,488,47888
10690,"东
云南艺术学院",201,广东省,2023,本科批,历史类,12,12,492,45205
10691,云南民族大学,201,广东省,2023,本科批,历史类,2,2,509,34468
10691,云南民族大学,202,广东省,2023,本科批,历史类,2,2,541,18712
10694,"广
西藏大学",201,广东省,2023,本科批,历史类,5,5,533,22077
10694,西藏大学,202,广东省,2023,本科批,历史类,3,3,540,19113
10694,西藏大学,207,广东省,2023,本科批,历史类,3,3,544,17524
10694,西藏大学,208,广东省,2023,本科批,历史类,2,2,537,20494
10697,西北大学,201,广东省,2023,本科批,历史类,6,6,589,5078
10697,西北大学,204,广东省,2023,本科批,历史类,1,1,603,2956
10698,西安交通大学,201,广东省,2023,本科批,历史类,13,15,616,1693
10702,西安工业大学,201,广东省,2023,本科批,历史类,5,5,530,23228
10704,西安科技大学,201,广东省,2023,本科批,历史类,2,2,535,21273
10705,西安石油大学,201,广东省,2023,本科批,历史类,2,2,522,27037
10705,西安石油大学,202,广东省,2023,本科批,历史类,2,2,518,28975
10708,陕西科技大学,201,广东省,2023,本科批,历史类,2,2,539,19515
10710,长安大学,201,广东省,2023,本科批,历史类,6,6,576,7517
10712,西北农林科技大学,201,广东省,2023,本科批,历史类,2,2,589,4968
10712,西北农林科技大学,"院
202",广东省,2023,本科批,历史类,2,2,600,3388
10712,西北农林科技大学,212,广东省,2023,本科批,历史类,2,2,595,3982
10718,陕西师范大学,201,广东省,2023,本科批,历史类,1,1,595,4011
10718,"试
陕西师范大学",202,广东省,2023,本科批,历史类,49,49,582,6235
10719,延安大学,201,广东省,2023,本科批,历史类,8,8,514,31162
10719,"考
延安大学",202,广东省,2023,本科批,历史类,2,2,516,30277
10720,陕西理工大学,201,广东省,2023,本科批,历史类,4,4,504,37348
10720,陕西理工大学,202,广东省,2023,本科批,历史类,2,2,504,37411
10722,"育
咸阳师范学院",201,广东省,2023,本科批,历史类,4,4,497,41825
10723,渭南师范学院(中外合作办学),204,广东省,2023,本科批,历史类,1,1,483,51688
10724,西安外国语大学,201,广东省,2023,本科批,历史类,10,10,544,17535
10724,"教
西安外国语大学",202,广东省,2023,本科批,历史类,13,13,528,24383
10726,西北政法大学,201,广东省,2023,本科批,历史类,20,20,599,3480
10730,"省
兰州大学",201,广东省,2023,本科批,历史类,4,4,596,3892
10730,兰州大学,202,广东省,2023,本科批,历史类,2,2,590,4819
10730,兰州大学,203,广东省,2023,本科批,历史类,4,4,594,4173
10730,兰州大学,205,广东省,2023,本科批,历史类,11,11,601,3239
10730,兰州大学,206,广东省,2023,本科批,历史类,5,5,596,3818
10730,兰州大学,208,广东省,2023,本科批,历史类,2,2,603,2897
10730,兰州大学,"教
214",广东省,2023,本科批,历史类,4,4,600,3283
10731,兰州理工大学,201,广东省,2023,本科批,历史类,2,2,504,37165
10732,兰州交通大学,201,广东省,2023,本科批,历史类,10,10,503,38019
10733,"省
甘肃农业大学",201,广东省,2023,本科批,历史类,17,17,491,45831
10736,西北师范大学,201,广东省,2023,本科批,历史类,4,4,519,28854
10736,西北师范大学,202,广东省,2023,本科批,历史类,11,11,530,23488
10736,"东
西北师范大学",203,广东省,2023,本科批,历史类,3,3,533,22093
10736,西北师范大学,204,广东省,2023,本科批,历史类,2,2,524,26186
10736,西北师范大学,205,广东省,2023,本科批,历史类,2,2,533,22181
10738,"广
陇东学院",201,广东省,2023,本科批,历史类,2,2,495,43038
10738,陇东学院,202,广东省,2023,本科批,历史类,2,2,493,44117
10739,天水师范学院,201,广东省,2023,本科批,历史类,4,4,492,45001
10739,天水师范学院,202,广东省,2023,本科批,历史类,3,3,495,43053
10739,天水师范学院,203,广东省,2023,本科批,历史类,3,3,493,44535
10741,兰州财经大学,201,广东省,2023,本科批,历史类,3,3,492,45331
10741,兰州财经大学,202,广东省,2023,本科批,历史类,20,20,496,42322
10742,西北民族大学,201,广东省,2023,本科批,历史类,2,2,500,39566
10742,西北民族大学,202,广东省,2023,本科批,历史类,2,2,519,28657
10746,青海师范大学,201,广东省,2023,本科批,历史类,3,3,521,27828
10746,青海师范大学,202,广东省,2023,本科批,历史类,5,5,522,27033
10746,青海师范大学,203,广东省,2023,本科批,历史类,2,2,522,27091
10749,宁夏大学,201,广东省,2023,本科批,历史类,4,4,565,10463
10755,新疆大学,201,广东省,2023,本科批,历史类,1,1,539,19363
10755,新疆大学,"院
202",广东省,2023,本科批,历史类,4,4,552,14542
10758,新疆农业大学,201,广东省,2023,本科批,历史类,20,20,489,47461
10758,新疆农业大学,206,广东省,2023,本科批,历史类,5,5,493,44696
10762,"试
新疆师范大学",201,广东省,2023,本科批,历史类,2,2,514,31618
10762,新疆师范大学,202,广东省,2023,本科批,历史类,8,8,508,34776
10762,"考
新疆师范大学",203,广东省,2023,本科批,历史类,2,2,508,34600
10763,喀什大学,201,广东省,2023,本科批,历史类,3,3,493,44138
10763,喀什大学,202,广东省,2023,本科批,历史类,1,1,510,33914
10763,"育
喀什大学",203,广东省,2023,本科批,历史类,1,1,504,37444
10764,伊犁师范大学,201,广东省,2023,本科批,历史类,3,3,489,46883
10764,伊犁师范大学,202,广东省,2023,本科批,历史类,14,14,491,46098
10766,"教
新疆财经大学",201,广东省,2023,本科批,历史类,2,2,488,47910
10766,新疆财经大学,202,广东省,2023,本科批,历史类,8,8,493,44496
10809,"省
山西中医药大学",201,广东省,2023,本科批,历史类,4,4,540,18857
10809,山西中医药大学,202,广东省,2023,本科批,历史类,2,2,541,18510
10809,山西中医药大学,203,广东省,2023,本科批,历史类,1,1,495,42972
10822,广东白云学院,211,广东省,2023,本科批,历史类,546,546,471,61052
10822,广东白云学院,212,广东省,2023,本科批,历史类,118,118,458,71891
10822,广东白云学院,221,广东省,2023,本科批,历史类,730,730,459,71124
10822,广东白云学院(学分互认),"教
222",广东省,2023,本科批,历史类,36,36,439,90153
10823,长沙医学院,201,广东省,2023,本科批,历史类,22,22,485,49729
10823,长沙医学院,202,广东省,2023,本科批,历史类,10,10,462,67914
10841,"省
辽宁对外经贸学院",201,广东省,2023,本科批,历史类,4,4,463,67312
10846,江西科技学院,201,广东省,2023,本科批,历史类,6,6,487,48236
10850,南京工业职业技术大学,201,广东省,2023,本科批,历史类,8,8,497,41716
10856,"东
上海工程技术大学",201,广东省,2023,本科批,历史类,5,5,531,22785
10856,上海工程技术大学,204,广东省,2023,本科批,历史类,3,3,537,20358
10876,浙江万里学院,201,广东省,2023,本科批,历史类,5,5,493,44328
10876,"广
浙江万里学院(中外合作办学)",203,广东省,2023,本科批,历史类,5,5,488,48002
10894,景德镇学院,201,广东省,2023,本科批,历史类,2,2,506,35945
10895,萍乡学院,201,广东省,2023,本科批,历史类,6,6,493,44052
10920,湖北理工学院,201,广东省,2023,本科批,历史类,2,2,495,43199
10920,湖北理工学院,202,广东省,2023,本科批,历史类,6,6,501,38844
10964,吉林外国语大学,201,广东省,2023,本科批,历史类,44,44,473,59477
10964,吉林外国语大学(中外合作办学),210,广东省,2023,本科批,历史类,3,3,456,73835
11035,沈阳大学,201,广东省,2023,本科批,历史类,7,7,505,36652
11047,上海立信会计金融学院,201,广东省,2023,本科批,历史类,8,8,538,20001
11053,徐州工程学院,201,广东省,2023,本科批,历史类,2,2,501,39173
11053,徐州工程学院,202,广东省,2023,本科批,历史类,2,2,497,41884
11062,厦门理工学院,201,广东省,2023,本科批,历史类,2,2,528,24300
11062,厦门理工学院,202,广东省,2023,本科批,历史类,6,6,525,25741
11065,青岛大学,201,广东省,2023,本科批,历史类,13,13,540,19043
11066,烟台大学(本科预科班),"院
201",广东省,2023,本科批,历史类,2,2,480,53846
11066,烟台大学,202,广东省,2023,本科批,历史类,2,2,510,33801
11066,烟台大学,203,广东省,2023,本科批,历史类,6,6,529,23783
11067,"试
潍坊学院",201,广东省,2023,本科批,历史类,2,2,498,41225
11067,潍坊学院,202,广东省,2023,本科批,历史类,6,6,499,40264
11068,"考
郑州工程技术学院",201,广东省,2023,本科批,历史类,8,8,493,44583
11068,郑州工程技术学院,202,广东省,2023,本科批,历史类,5,5,493,44215
11070,洛阳理工学院,201,广东省,2023,本科批,历史类,14,14,494,43977
11072,"育
江汉大学",201,广东省,2023,本科批,历史类,8,8,520,28031
11075,三峡大学,201,广东省,2023,本科批,历史类,4,4,519,28486
11077,长沙学院,201,广东省,2023,本科批,历史类,10,10,513,31779
11077,"教
长沙学院",207,广东省,2023,本科批,历史类,8,8,500,39477
11078,广州大学,215,广东省,2023,本科批,历史类,419,419,558,12661
11078,"省
广州大学",216,广东省,2023,本科批,历史类,309,309,549,15568
11078,广州大学,217,广东省,2023,本科批,历史类,100,100,551,14745
11078,广州大学,218,广东省,2023,本科批,历史类,620,620,552,14620
11078,广州大学,220,广东省,2023,本科批,历史类,64,64,556,13216
11078,广州大学(地方专项),232,广东省,2023,本科批,历史类,120,120,521,27485
11079,成都大学,201,广东省,2023,本科批,历史类,16,16,534,21716
11079,成都大学,"教
202",广东省,2023,本科批,历史类,4,4,543,17612
11079,成都大学(中外合作办学),212,广东省,2023,本科批,历史类,6,6,520,28288
11080,西安文理学院,201,广东省,2023,本科批,历史类,2,2,514,31171
11080,"省
西安文理学院",202,广东省,2023,本科批,历史类,2,2,516,30490
11100,海南热带海洋学院,201,广东省,2023,本科批,历史类,2,2,503,38063
11100,海南热带海洋学院,202,广东省,2023,本科批,历史类,16,16,497,41961
11100,"东
海南热带海洋学院(中外合作办学)",209,广东省,2023,本科批,历史类,3,3,489,47194
11100,海南热带海洋学院(中外合作办学),217,广东省,2023,本科批,历史类,4,4,491,45781
11104,华北科技学院,201,广东省,2023,本科批,历史类,4,4,492,45311
11104,"广
华北科技学院",202,广东省,2023,本科批,历史类,2,2,529,23894
11104,华北科技学院,206,广东省,2023,本科批,历史类,12,12,495,42779
11106,广州航海学院,211,广东省,2023,本科批,历史类,534,534,500,39862
11106,广州航海学院(联合培养),212,广东省,2023,本科批,历史类,18,18,492,45140
11106,广州航海学院(联合培养),213,广东省,2023,本科批,历史类,15,15,492,45025
11110,广东警官学院,202,广东省,2023,本科批,历史类,54,54,533,22195
11110,广东警官学院,204,广东省,2023,本科批,历史类,22,22,524,26090
11117,扬州大学,202,广东省,2023,本科批,历史类,6,6,558,12555
11122,三江学院,201,广东省,2023,本科批,历史类,10,10,478,55216
11149,中华女子学院,201,广东省,2023,本科批,历史类,21,21,521,27884
11230,齐齐哈尔医学院,201,广东省,2023,本科批,历史类,11,11,492,44878
11230,齐齐哈尔医学院,204,广东省,2023,本科批,历史类,1,1,490,46192
11230,齐齐哈尔医学院,205,广东省,2023,本科批,历史类,1,1,491,45771
11242,太原学院,201,广东省,2023,本科批,历史类,2,2,493,44695
11242,太原学院,"院
202",广东省,2023,本科批,历史类,3,3,497,41854
11261,吉林工商学院,201,广东省,2023,本科批,历史类,10,10,492,44881
11276,南京工程学院,201,广东省,2023,本科批,历史类,4,4,523,26801
11287,"试
南京审计大学",201,广东省,2023,本科批,历史类,12,12,547,16199
11287,南京审计大学(中外合作办学),203,广东省,2023,本科批,历史类,2,2,569,9326
11311,"考
三明学院",201,广东省,2023,本科批,历史类,1,1,496,42453
11311,三明学院,202,广东省,2023,本科批,历史类,2,2,511,33408
11311,三明学院,204,广东省,2023,本科批,历史类,1,1,499,40320
11318,"育
江西科技师范大学",201,广东省,2023,本科批,历史类,1,1,539,19318
11318,江西科技师范大学,202,广东省,2023,本科批,历史类,9,9,532,22640
11318,江西科技师范大学,203,广东省,2023,本科批,历史类,1,1,528,24348
11318,"教
江西科技师范大学",204,广东省,2023,本科批,历史类,2,2,539,19680
11319,南昌工程学院,201,广东省,2023,本科批,历史类,4,4,503,38093
11319,"省
南昌工程学院",202,广东省,2023,本科批,历史类,8,8,495,43288
11326,信阳农林学院,201,广东省,2023,本科批,历史类,4,4,492,44770
11326,信阳农林学院,202,广东省,2023,本科批,历史类,4,4,494,43865
11336,荆楚理工学院,201,广东省,2023,本科批,历史类,3,3,494,43978
11342,湖南工程学院,201,广东省,2023,本科批,历史类,3,3,499,40107
11347,仲恺农业工程学院,210,广东省,2023,本科批,历史类,54,54,505,36629
11347,仲恺农业工程学院,"教
211",广东省,2023,本科批,历史类,98,98,511,33051
11347,仲恺农业工程学院,212,广东省,2023,本科批,历史类,41,41,504,37203
11349,五邑大学,211,广东省,2023,本科批,历史类,74,74,486,49464
11349,"省
五邑大学",212,广东省,2023,本科批,历史类,28,28,464,66213
11349,五邑大学,213,广东省,2023,本科批,历史类,6,6,512,32660
11349,五邑大学,214,广东省,2023,本科批,历史类,6,6,499,40207
11349,"东
五邑大学",215,广东省,2023,本科批,历史类,6,6,508,35103
11349,五邑大学,216,广东省,2023,本科批,历史类,4,4,497,41888
11349,五邑大学,217,广东省,2023,本科批,历史类,305,305,510,33710
11349,"广
五邑大学",218,广东省,2023,本科批,历史类,244,244,499,40179
11354,梧州学院,201,广东省,2023,本科批,历史类,10,10,496,42644
11354,梧州学院,202,广东省,2023,本科批,历史类,1,1,495,42840
11354,梧州学院,203,广东省,2023,本科批,历史类,1,1,501,38959
11354,梧州学院,208,广东省,2023,本科批,历史类,2,2,496,42574
11360,攀枝花学院,201,广东省,2023,本科批,历史类,3,3,492,45114
11390,玉溪师范学院,201,广东省,2023,本科批,历史类,4,4,494,43700
11393,昆明学院,201,广东省,2023,本科批,历史类,2,2,514,31519
11393,昆明学院,202,广东省,2023,本科批,历史类,2,2,505,36881
11393,昆明学院,204,广东省,2023,本科批,历史类,2,2,516,30019
11396,商洛学院,201,广东省,2023,本科批,历史类,2,2,492,45110
11400,西安培华学院,201,广东省,2023,本科批,历史类,6,6,482,52244
11400,西安培华学院,202,广东省,2023,本科批,历史类,2,2,491,45613
11406,甘肃政法大学,201,广东省,2023,本科批,历史类,5,5,530,23509
11406,甘肃政法大学,"院
202",广东省,2023,本科批,历史类,2,2,524,26133
11407,北方民族大学,201,广东省,2023,本科批,历史类,5,5,510,33665
11407,北方民族大学,202,广东省,2023,本科批,历史类,1,1,516,30127
11414,"试
中国石油大学(北京)",201,广东省,2023,本科批,历史类,2,2,584,5986
11414,中国石油大学(北京),202,广东省,2023,本科批,历史类,2,2,585,5816
11415,"考
中国地质大学(北京)",201,广东省,2023,本科批,历史类,3,3,594,4126
11417,北京联合大学,201,广东省,2023,本科批,历史类,6,6,532,22404
11418,北京城市学院,201,广东省,2023,本科批,历史类,9,9,487,48280
11418,"育
北京城市学院(国际班)",211,广东省,2023,本科批,历史类,1,1,484,50604
11420,河北金融学院,201,广东省,2023,本科批,历史类,8,8,493,44207
11437,长春工程学院(本科预科班),201,广东省,2023,本科批,历史类,2,2,421,109716
11439,"教
吉林农业科技学院",201,广东省,2023,本科批,历史类,2,2,492,44789
11439,吉林农业科技学院,202,广东省,2023,本科批,历史类,2,2,491,45595
11458,"省
上海电机学院(中外合作办学)",204,广东省,2023,本科批,历史类,2,2,510,34002
11460,南京晓庄学院,201,广东省,2023,本科批,历史类,4,4,497,41865
11460,南京晓庄学院,202,广东省,2023,本科批,历史类,6,6,509,34083
11482,浙江财经大学,201,广东省,2023,本科批,历史类,7,7,556,13190
11482,浙江财经大学(中外合作办学),203,广东省,2023,本科批,历史类,1,1,549,15677
11508,新余学院,201,广东省,2023,本科批,历史类,2,2,506,35929
11517,河南工程学院,"教
201",广东省,2023,本科批,历史类,2,2,491,45653
11517,河南工程学院,202,广东省,2023,本科批,历史类,5,5,495,43281
11527,湖南城市学院,201,广东省,2023,本科批,历史类,2,2,508,35175
11527,"省
湖南城市学院",202,广东省,2023,本科批,历史类,4,4,497,41551
11532,湖南财政经济学院,201,广东省,2023,本科批,历史类,17,17,507,35442
11534,湖南警察学院,201,广东省,2023,本科批,历史类,2,2,523,26487
11534,"东
湖南警察学院",202,广东省,2023,本科批,历史类,1,1,506,36193
11535,湖南工业大学,201,广东省,2023,本科批,历史类,33,33,511,33033
11538,湖南女子学院,201,广东省,2023,本科批,历史类,4,4,496,42314
11540,"广
广东金融学院",211,广东省,2023,本科批,历史类,2278,2278,502,38335
11540,广东金融学院(国际班),212,广东省,2023,本科批,历史类,131,131,495,42918
11540,广东金融学院(地方专项),213,广东省,2023,本科批,历史类,30,26,510,33909
11545,电子科技大学中山学院,205,广东省,2023,本科批,历史类,1634,1634,471,60606
11546,广西科技师范学院,201,广东省,2023,本科批,历史类,8,8,498,40909
11546,广西科技师范学院,202,广东省,2023,本科批,历史类,4,4,506,35828
11548,广西财经学院,201,广东省,2023,本科批,历史类,4,4,509,34372
11551,重庆科技学院,201,广东省,2023,本科批,历史类,3,3,507,35433
11560,西安财经大学,201,广东省,2023,本科批,历史类,8,8,520,28025
11607,北部湾大学,201,广东省,2023,本科批,历史类,2,2,509,34448
11607,北部湾大学,202,广东省,2023,本科批,历史类,10,10,500,39902
11629,北华航天工业学院,201,广东省,2023,本科批,历史类,3,3,495,43148
11646,宁波大学,201,广东省,2023,本科批,历史类,2,2,588,5119
11646,宁波大学,205,广东省,2023,本科批,历史类,3,3,575,7959
11647,浙江传媒学院,"院
201",广东省,2023,本科批,历史类,1,1,551,14831
11647,浙江传媒学院,202,广东省,2023,本科批,历史类,23,23,543,17709
11647,浙江传媒学院(中外合作办学),209,广东省,2023,本科批,历史类,4,4,551,14902
11652,"试
河南财政金融学院",201,广东省,2023,本科批,历史类,6,6,492,44830
11653,南阳理工学院,201,广东省,2023,本科批,历史类,1,1,494,43902
11653,"考
南阳理工学院",202,广东省,2023,本科批,历史类,5,5,495,43119
11653,南阳理工学院,209,广东省,2023,本科批,历史类,3,3,494,43857
11656,广东石油化工学院,210,广东省,2023,本科批,历史类,54,54,501,38868
11656,"育
广东石油化工学院",211,广东省,2023,本科批,历史类,47,47,499,40466
11656,广东石油化工学院,212,广东省,2023,本科批,历史类,42,42,497,41930
11656,广东石油化工学院,213,广东省,2023,本科批,历史类,743,743,498,41266
11658,"教
海南师范大学",201,广东省,2023,本科批,历史类,5,5,546,16637
11658,海南师范大学,202,广东省,2023,本科批,历史类,14,14,545,16850
11658,"省
海南师范大学",203,广东省,2023,本科批,历史类,3,3,547,16349
11658,海南师范大学,204,广东省,2023,本科批,历史类,2,2,548,16018
11658,海南师范大学(中外合作办学),212,广东省,2023,本科批,历史类,2,2,508,34766
11658,海南师范大学,220,广东省,2023,本科批,历史类,6,6,524,26128
11660,重庆理工大学,201,广东省,2023,本科批,历史类,2,2,534,21638
11660,重庆理工大学,205,广东省,2023,本科批,历史类,2,2,530,23247
11664,西安邮电大学(本科预科班),"教
201",广东省,2023,本科批,历史类,1,1,486,48921
11664,西安邮电大学,202,广东省,2023,本科批,历史类,13,13,526,25055
11688,山东工商学院,201,广东省,2023,本科批,历史类,4,4,493,44310
11688,"省
山东工商学院",202,广东省,2023,本科批,历史类,6,6,508,34891
11688,山东工商学院,203,广东省,2023,本科批,历史类,1,1,498,41316
11726,长春大学,201,广东省,2023,本科批,历史类,2,2,500,39498
11726,"东
长春大学",202,广东省,2023,本科批,历史类,4,4,500,39732
11726,长春大学(中外合作办学),205,广东省,2023,本科批,历史类,2,2,487,48448
11731,贵州商学院(中外合作办学),205,广东省,2023,本科批,历史类,3,3,488,47680
11736,"广
西安航空学院",201,广东省,2023,本科批,历史类,7,7,494,43899
11775,防灾科技学院,201,广东省,2023,本科批,历史类,7,7,495,43067
11799,重庆工商大学,201,广东省,2023,本科批,历史类,12,12,526,25471
11799,重庆工商大学,206,广东省,2023,本科批,历史类,8,8,520,28023
11800,汉口学院,201,广东省,2023,本科批,历史类,20,20,474,58613
11802,黑龙江工程学院,201,广东省,2023,本科批,历史类,8,8,492,45006
11810,海南医学院,201,广东省,2023,本科批,历史类,3,3,498,41070
11819,东莞理工学院,207,广东省,2023,本科批,历史类,528,528,495,43093
11819,东莞理工学院(粤台联合培养),218,广东省,2023,本科批,历史类,30,30,501,39057
11833,上海杉达学院,201,广东省,2023,本科批,历史类,2,2,492,44838
11833,上海杉达学院(中外合作办学),203,广东省,2023,本科批,历史类,2,2,479,54196
11834,黄河科技学院,201,广东省,2023,本科批,历史类,15,15,481,53232
11835,上海政法学院,201,广东省,2023,本科批,历史类,3,3,565,10575
11835,上海政法学院,202,广东省,2023,本科批,历史类,29,29,571,8743
11835,上海政法学院,"院
205",广东省,2023,本科批,历史类,4,4,583,6095
11837,桂林旅游学院,201,广东省,2023,本科批,历史类,2,2,497,41589
11837,桂林旅游学院,202,广东省,2023,本科批,历史类,13,13,494,43710
11837,"试
桂林旅游学院",203,广东省,2023,本科批,历史类,1,1,496,42111
11837,桂林旅游学院(中外合作办学),211,广东省,2023,本科批,历史类,4,4,480,53687
11838,"考
贺州学院",201,广东省,2023,本科批,历史类,16,16,495,43261
11843,九江学院,201,广东省,2023,本科批,历史类,10,10,494,43571
11845,广东工业大学,200,广东省,2023,本科批,历史类,20,20,536,20557
11845,"育
广东工业大学",201,广东省,2023,本科批,历史类,45,45,537,20513
11845,广东工业大学,202,广东省,2023,本科批,历史类,344,344,532,22542
11845,广东工业大学,203,广东省,2023,本科批,历史类,126,126,548,16034
11845,"教
广东工业大学",204,广东省,2023,本科批,历史类,193,193,534,21394
11845,广东工业大学(国际班),261,广东省,2023,本科批,历史类,59,59,515,30549
11845,"省
广东工业大学(地方专项)",271,广东省,2023,本科批,历史类,60,60,525,25512
11845,广东工业大学,282,广东省,2023,本科批,历史类,177,177,532,22485
11846,广东外语外贸大学,201,广东省,2023,本科批,历史类,599,599,529,23907
11846,广东外语外贸大学,203,广东省,2023,本科批,历史类,202,202,561,11493
11846,广东外语外贸大学,204,广东省,2023,本科批,历史类,308,308,548,15848
11846,广东外语外贸大学,206,广东省,2023,本科批,历史类,203,203,577,7471
11846,广东外语外贸大学,"教
207",广东省,2023,本科批,历史类,39,39,562,11361
11846,广东外语外贸大学(内地澳门合作办学,) 208,广东省,2023,本科批,历史类,40,40,525,25566
11846,广东外语外贸大学(地方专项),209,广东省,2023,本科批,历史类,78,78,525,25821
11847,"省
佛山科学技术学院",219,广东省,2023,本科批,历史类,384,384,510,33798
11847,佛山科学技术学院,220,广东省,2023,本科批,历史类,50,50,539,19484
11847,佛山科学技术学院,221,广东省,2023,本科批,历史类,20,20,510,33678
11847,"东
佛山科学技术学院",222,广东省,2023,本科批,历史类,40,40,531,22905
11847,佛山科学技术学院,223,广东省,2023,本科批,历史类,12,12,514,31533
11847,佛山科学技术学院,224,广东省,2023,本科批,历史类,20,20,535,21232
11847,"广
佛山科学技术学院",225,广东省,2023,本科批,历史类,35,35,511,33232
11847,佛山科学技术学院,226,广东省,2023,本科批,历史类,20,20,507,35185
11847,佛山科学技术学院,227,广东省,2023,本科批,历史类,2,2,517,29552
11847,佛山科学技术学院,228,广东省,2023,本科批,历史类,5,5,502,38415
11847,佛山科学技术学院,229,广东省,2023,本科批,历史类,30,30,516,30406
11847,佛山科学技术学院(联合培养),230,广东省,2023,本科批,历史类,20,20,492,44840
11847,佛山科学技术学院(地方专项),231,广东省,2023,本科批,历史类,39,20,510,33930
12044,上海第二工业大学,201,广东省,2023,本科批,历史类,6,6,518,29386
12048,南京特殊教育师范学院,201,广东省,2023,本科批,历史类,3,3,513,32195
12050,上海商学院,201,广东省,2023,本科批,历史类,4,4,513,31746
12056,南通理工学院,201,广东省,2023,本科批,历史类,34,34,459,71208
12059,广东培正学院,203,广东省,2023,本科批,历史类,2037,2037,459,70757
12059,广东培正学院(学分互认),205,广东省,2023,本科批,历史类,23,23,443,86512
12107,贵州警察学院,201,广东省,2023,本科批,历史类,5,5,511,33387
12121,南方医科大学,"院
205",广东省,2023,本科批,历史类,174,174,555,13410
12121,南方医科大学(地方专项),212,广东省,2023,本科批,历史类,25,25,530,23434
12214,湖南医药学院,201,广东省,2023,本科批,历史类,1,1,506,36168
12214,"试
湖南医药学院",204,广东省,2023,本科批,历史类,2,2,526,25260
12216,安徽新华学院,201,广东省,2023,本科批,历史类,3,3,480,53972
12303,"考
湖南涉外经济学院",201,广东省,2023,本科批,历史类,18,18,475,57683
12308,海口经济学院,201,广东省,2023,本科批,历史类,18,18,447,82597
12309,武昌首义学院,201,广东省,2023,本科批,历史类,5,5,491,45864
12310,"育
武昌理工学院",201,广东省,2023,本科批,历史类,10,10,467,64312
12332,烟台南山学院,201,广东省,2023,本科批,历史类,5,5,480,53583
12362,武汉生物工程学院,201,广东省,2023,本科批,历史类,20,20,486,49159
12453,"教
中国劳动关系学院",201,广东省,2023,本科批,历史类,21,21,529,23778
12544,宁夏理工学院(联合培养),201,广东省,2023,本科批,历史类,2,2,476,57051
12544,"省
宁夏理工学院(联合培养)",202,广东省,2023,本科批,历史类,2,2,474,58471
12560,云南经济管理学院,201,广东省,2023,本科批,历史类,5,5,482,52502
12560,云南经济管理学院,202,广东省,2023,本科批,历史类,2,2,477,55570
12574,广东东软学院,219,广东省,2023,本科批,历史类,83,83,451,77997
12574,广东东软学院,220,广东省,2023,本科批,历史类,30,30,455,74622
12574,广东东软学院,222,广东省,2023,本科批,历史类,35,35,453,76694
12574,广东东软学院,"教
223",广东省,2023,本科批,历史类,130,130,445,84604
12574,广东东软学院,224,广东省,2023,本科批,历史类,45,45,444,85226
12599,湘潭大学兴湘学院,201,广东省,2023,本科批,历史类,5,5,494,43950
12604,"省
湖南工业大学科技学院",201,广东省,2023,本科批,历史类,8,8,487,48619
12617,广州城市理工学院,203,广东省,2023,本科批,历史类,300,300,483,51247
12618,广州软件学院,202,广东省,2023,本科批,历史类,412,412,465,65826
12618,"东
广州软件学院(国际班)",207,广东省,2023,本科批,历史类,20,20,452,77869
12619,广州南方学院,201,广东省,2023,本科批,历史类,1285,1285,477,55979
12619,广州南方学院(联合培养),202,广东省,2023,本科批,历史类,16,16,463,67142
12620,"广
广东外语外贸大学南国商学院",201,广东省,2023,本科批,历史类,1008,1008,476,57077
12620,广东外语外贸大学南国商学院(联合培,养) 202,广东省,2023,本科批,历史类,96,96,458,72318
12620,广东外语外贸大学南国商学院,206,广东省,2023,本科批,历史类,222,222,458,71890
12621,广州华商学院,201,广东省,2023,本科批,历史类,2567,2567,446,83568
12621,广州华商学院,202,广东省,2023,本科批,历史类,20,20,459,71014
12621,广州华商学院(学分互认),203,广东省,2023,本科批,历史类,53,53,434,95099
12622,湛江科技学院,203,广东省,2023,本科批,历史类,2028,2028,441,88053
12622,湛江科技学院(联合培养),211,广东省,2023,本科批,历史类,75,27,433,96987
12623,华南农业大学珠江学院,201,广东省,2023,本科批,历史类,927,927,453,76505
12649,湖南科技大学潇湘学院,201,广东省,2023,本科批,历史类,4,4,496,42733
12650,南华大学船山学院,201,广东省,2023,本科批,历史类,4,4,490,46161
12651,湘潭理工学院,201,广东省,2023,本科批,历史类,3,3,488,47844
12652,湖南师范大学树达学院,201,广东省,2023,本科批,历史类,23,23,492,45105
12653,湖南农业大学东方科技学院,201,广东省,2023,本科批,历史类,6,6,489,47010
12657,湖南文理学院芙蓉学院,"院
201",广东省,2023,本科批,历史类,2,2,491,46073
12657,湖南文理学院芙蓉学院,202,广东省,2023,本科批,历史类,2,2,490,46475
12658,湖南理工学院南湖学院,201,广东省,2023,本科批,历史类,4,4,490,46623
12659,"试
衡阳师范学院南岳学院",201,广东省,2023,本科批,历史类,4,4,494,43778
12661,湖南中医药大学湘杏学院,201,广东省,2023,本科批,历史类,3,3,523,26698
12661,"考
湖南中医药大学湘杏学院",202,广东省,2023,本科批,历史类,1,1,526,25202
12662,吉首大学张家界学院,201,广东省,2023,本科批,历史类,2,2,490,46624
12668,广州理工学院,202,广东省,2023,本科批,历史类,2035,2035,442,87100
12689,"育
东南大学成贤学院",201,广东省,2023,本科批,历史类,6,6,491,45624
12689,东南大学成贤学院,202,广东省,2023,本科批,历史类,1,1,484,50455
12709,厦门华厦学院,201,广东省,2023,本科批,历史类,2,2,484,50860
12709,"教
厦门华厦学院",202,广东省,2023,本科批,历史类,6,6,487,48822
12710,闽南理工学院,201,广东省,2023,本科批,历史类,2,2,477,56213
12712,"省
西安欧亚学院",201,广东省,2023,本科批,历史类,14,14,472,60088
12713,西安外事学院,201,广东省,2023,本科批,历史类,21,21,472,60286
12713,西安外事学院,205,广东省,2023,本科批,历史类,4,4,468,62988
12747,郑州工业应用技术学院,201,广东省,2023,本科批,历史类,6,6,480,54043
12779,山西应用科技学院,201,广东省,2023,本科批,历史类,2,2,480,53639
12792,浙江越秀外国语学院,202,广东省,2023,本科批,历史类,30,30,462,68158
12795,南昌理工学院,"教
201",广东省,2023,本科批,历史类,30,30,482,52191
12795,南昌理工学院,202,广东省,2023,本科批,历史类,3,3,459,71200
12799,上海建桥学院,201,广东省,2023,本科批,历史类,28,28,471,60732
12915,"省
上海中侨职业技术大学",201,广东省,2023,本科批,历史类,21,21,464,66910
12928,泉州职业技术大学,201,广东省,2023,本科批,历史类,20,20,477,56068
12938,江西应用科技学院,201,广东省,2023,本科批,历史类,24,24,456,73690
12992,"东
闽南科技学院",201,广东省,2023,本科批,历史类,1,1,479,54743
12992,闽南科技学院,202,广东省,2023,本科批,历史类,5,5,478,55504
13001,宁波财经学院,201,广东省,2023,本科批,历史类,12,12,473,58939
13021,"广
浙大城市学院",201,广东省,2023,本科批,历史类,6,6,523,26655
13022,浙大宁波理工学院(中外合作办学),203,广东省,2023,本科批,历史类,4,4,493,44407
13065,安徽外国语学院,201,广东省,2023,本科批,历史类,8,8,476,56997
13115,厦门工学院,201,广东省,2023,本科批,历史类,9,9,484,50819
13121,西安思源学院,201,广东省,2023,本科批,历史类,2,2,486,49538
13188,武汉晴川学院,201,广东省,2023,本科批,历史类,4,4,480,53624
13198,大连理工大学城市学院,201,广东省,2023,本科批,历史类,4,4,472,60345
13212,大连医科大学中山学院,201,广东省,2023,本科批,历史类,4,4,471,61121
13212,大连医科大学中山学院,204,广东省,2023,本科批,历史类,2,2,483,51789
13218,大连财经学院,201,广东省,2023,本科批,历史类,14,14,471,60817
13220,沈阳城市学院,201,广东省,2023,本科批,历史类,8,8,464,66201
13234,湖北大学知行学院,201,广东省,2023,本科批,历史类,8,8,490,46698
13235,武汉城市学院,201,广东省,2023,本科批,历史类,11,11,481,53099
13236,三峡大学科技学院,201,广东省,2023,本科批,历史类,10,10,487,48887
13238,湖北工业大学工程技术学院,"院
201",广东省,2023,本科批,历史类,4,4,487,48764
13238,湖北工业大学工程技术学院,202,广东省,2023,本科批,历史类,6,6,481,52885
13239,武汉工程大学邮电与信息工程学院,201,广东省,2023,本科批,历史类,6,6,486,49477
13240,"试
武汉纺织大学外经贸学院",201,广东省,2023,本科批,历史类,1,1,480,54024
13240,武汉纺织大学外经贸学院,202,广东省,2023,本科批,历史类,2,2,482,52405
13242,"考
武汉工商学院",201,广东省,2023,本科批,历史类,2,2,480,53946
13246,长江大学文理学院,201,广东省,2023,本科批,历史类,3,3,484,50537
13247,湖北商贸学院,201,广东省,2023,本科批,历史类,15,15,472,59620
13250,"育
湖北恩施学院",201,广东省,2023,本科批,历史类,5,5,484,50304
13250,湖北恩施学院,202,广东省,2023,本科批,历史类,5,5,489,47217
13250,湖北恩施学院,205,广东省,2023,本科批,历史类,3,3,484,50608
13251,"教
湖北经济学院法商学院",201,广东省,2023,本科批,历史类,8,8,483,51728
13253,武汉体育学院体育科技学院,201,广东省,2023,本科批,历史类,4,4,468,63299
13256,"省
湖北师范大学文理学院",201,广东省,2023,本科批,历史类,2,2,490,46729
13256,湖北师范大学文理学院,202,广东省,2023,本科批,历史类,6,6,491,45516
13262,文华学院,201,广东省,2023,本科批,历史类,2,2,488,47690
13290,浙江工商大学杭州商学院,201,广东省,2023,本科批,历史类,24,24,483,51294
13296,黑龙江外国语学院,201,广东省,2023,本科批,历史类,13,10,433,96814
13296,黑龙江外国语学院,203,广东省,2023,本科批,历史类,5,5,438,90904
13296,黑龙江外国语学院,"教
204",广东省,2023,本科批,历史类,5,5,438,91648
13296,黑龙江外国语学院,205,广东省,2023,本科批,历史类,22,22,441,88370
13296,黑龙江外国语学院,207,广东省,2023,本科批,历史类,15,15,439,90090
13296,"省
黑龙江外国语学院",208,广东省,2023,本科批,历史类,30,16,434,95566
13300,黑龙江工商学院,201,广东省,2023,本科批,历史类,20,20,453,76939
13307,哈尔滨华德学院,201,广东省,2023,本科批,历史类,24,24,443,86296
13324,"东
山东协和学院",201,广东省,2023,本科批,历史类,8,8,478,54817
13324,山东协和学院,202,广东省,2023,本科批,历史类,10,10,461,69355
13326,云南大学滇池学院,201,广东省,2023,本科批,历史类,2,2,481,52670
13326,"广
云南大学滇池学院",202,广东省,2023,本科批,历史类,12,12,482,51929
13328,丽江文化旅游学院,201,广东省,2023,本科批,历史类,2,2,476,56752
13328,丽江文化旅游学院,202,广东省,2023,本科批,历史类,8,8,477,55901
13328,丽江文化旅游学院,206,广东省,2023,本科批,历史类,2,2,481,53097
13330,昆明城市学院,201,广东省,2023,本科批,历史类,15,15,482,52221
13332,昆明医科大学海源学院,201,广东省,2023,本科批,历史类,2,2,488,47847
13378,青岛城市学院,201,广东省,2023,本科批,历史类,7,7,471,60594
13402,河北外国语学院,201,广东省,2023,本科批,历史类,4,4,475,57576
13408,华北理工大学轻工学院,201,广东省,2023,本科批,历史类,5,5,475,57209
13418,江西服装学院,201,广东省,2023,本科批,历史类,1,1,455,74506
13420,南昌职业大学,201,广东省,2023,本科批,历史类,2,2,480,53769
13421,南昌工学院,201,广东省,2023,本科批,历史类,2,2,487,48855
13421,南昌工学院,202,广东省,2023,本科批,历史类,1,1,470,61395
13429,南昌大学科学技术学院,201,广东省,2023,本科批,历史类,14,14,492,45177
13431,南昌交通学院,"院
201",广东省,2023,本科批,历史类,1,1,484,50395
13431,南昌交通学院,202,广东省,2023,本科批,历史类,2,2,481,53149
13432,赣东学院,201,广东省,2023,本科批,历史类,2,2,494,43758
13432,"试
赣东学院",202,广东省,2023,本科批,历史类,6,6,494,43737
13433,南昌航空大学科技学院,201,广东省,2023,本科批,历史类,10,10,489,47329
13434,"考
赣南科技学院",201,广东省,2023,本科批,历史类,6,6,495,43010
13435,景德镇艺术职业大学,201,广东省,2023,本科批,历史类,4,4,484,50570
13435,景德镇艺术职业大学,202,广东省,2023,本科批,历史类,2,2,482,51823
13436,"育
江西农业大学南昌商学院",201,广东省,2023,本科批,历史类,22,22,486,49060
13437,南昌医学院,201,广东省,2023,本科批,历史类,3,3,535,21005
13437,南昌医学院,205,广东省,2023,本科批,历史类,3,3,531,23072
13437,"教
南昌医学院",206,广东省,2023,本科批,历史类,4,4,506,36232
13437,南昌医学院,207,广东省,2023,本科批,历史类,4,4,504,36992
13437,"省
南昌医学院",208,广东省,2023,本科批,历史类,1,1,491,45646
13438,江西师范大学科学技术学院,201,广东省,2023,本科批,历史类,12,12,492,45131
13439,赣南师范大学科技学院,201,广东省,2023,本科批,历史类,2,2,493,44452
13440,南昌应用技术师范学院,201,广东省,2023,本科批,历史类,5,5,492,45202
13440,南昌应用技术师范学院,202,广东省,2023,本科批,历史类,2,2,495,42855
13441,江西财经大学现代经济管理学院,202,广东省,2023,本科批,历史类,28,28,490,46411
13468,阳光学院,"教
201",广东省,2023,本科批,历史类,2,2,471,60403
13468,阳光学院,202,广东省,2023,本科批,历史类,2,2,487,48445
13468,阳光学院(中外合作办学),204,广东省,2023,本科批,历史类,5,5,433,96996
13469,"省
厦门大学嘉庚学院",201,广东省,2023,本科批,历史类,3,3,493,44069
13469,厦门大学嘉庚学院,202,广东省,2023,本科批,历史类,30,30,492,44875
13470,福州大学至诚学院,201,广东省,2023,本科批,历史类,2,2,492,45267
13470,"东
福州大学至诚学院",202,广东省,2023,本科批,历史类,10,10,491,45433
13471,集美大学诚毅学院,201,广东省,2023,本科批,历史类,2,2,495,43141
13471,集美大学诚毅学院,202,广东省,2023,本科批,历史类,14,14,495,43151
13472,"广
福建师范大学协和学院",201,广东省,2023,本科批,历史类,3,3,493,44235
13472,福建师范大学协和学院(国际班),204,广东省,2023,本科批,历史类,1,1,489,46846
13497,郑州财经学院,201,广东省,2023,本科批,历史类,16,16,485,49734
13503,信阳学院,201,广东省,2023,本科批,历史类,3,3,493,44640
13514,兰州博文科技学院,201,广东省,2023,本科批,历史类,4,4,467,64024
13524,北海艺术设计学院,201,广东省,2023,本科批,历史类,25,25,477,55801
13538,山西晋中理工学院,201,广东省,2023,本科批,历史类,2,2,482,52466
13578,河北工程大学科信学院,201,广东省,2023,本科批,历史类,1,1,485,49911
13579,中国矿业大学徐海学院,201,广东省,2023,本科批,历史类,2,2,487,48282
13588,重庆外语外事学院,201,广东省,2023,本科批,历史类,4,4,489,47298
13588,重庆外语外事学院,202,广东省,2023,本科批,历史类,14,14,484,50850
13589,重庆对外经贸学院,201,广东省,2023,本科批,历史类,8,8,491,45427
13590,重庆财经学院,201,广东省,2023,本科批,历史类,7,7,490,46241
13593,石家庄铁道大学四方学院,201,广东省,2023,本科批,历史类,7,7,483,51691
13594,河北地质大学华信学院,"院
201",广东省,2023,本科批,历史类,8,8,481,52630
13597,山西科技学院,201,广东省,2023,本科批,历史类,1,1,495,42794
13602,长春电子科技学院,201,广东省,2023,本科批,历史类,2,2,471,60664
13603,"试
长春财经学院",201,广东省,2023,本科批,历史类,7,7,466,65278
13609,辽宁中医药大学杏林学院,201,广东省,2023,本科批,历史类,6,6,491,45628
13609,"考
辽宁中医药大学杏林学院",202,广东省,2023,本科批,历史类,2,2,489,47407
13611,蚌埠工商学院,201,广东省,2023,本科批,历史类,4,4,482,51882
13614,马鞍山学院,201,广东省,2023,本科批,历史类,7,7,479,54228
13615,"育
合肥城市学院",201,广东省,2023,本科批,历史类,4,4,481,53132
13622,吉林师范大学博达学院,201,广东省,2023,本科批,历史类,8,8,469,62275
13622,吉林师范大学博达学院,202,广东省,2023,本科批,历史类,8,8,478,55419
13622,"教
吉林师范大学博达学院",203,广东省,2023,本科批,历史类,2,2,488,48146
13625,昆明文理学院,201,广东省,2023,本科批,历史类,2,2,483,51135
13625,"省
昆明文理学院",202,广东省,2023,本科批,历史类,21,21,480,53428
13626,昆明理工大学津桥学院,201,广东省,2023,本科批,历史类,1,1,483,51816
13626,昆明理工大学津桥学院,202,广东省,2023,本科批,历史类,9,9,480,53763
13628,新疆政法学院,202,广东省,2023,本科批,历史类,11,11,490,46417
13631,大连东软信息学院,201,广东省,2023,本科批,历史类,2,2,458,72146
13634,武汉学院,201,广东省,2023,本科批,历史类,19,19,489,47051
13635,长沙理工大学城南学院,"教
201",广东省,2023,本科批,历史类,15,15,491,45909
13639,柳州工学院,201,广东省,2023,本科批,历史类,5,5,478,54893
13639,柳州工学院,202,广东省,2023,本科批,历史类,15,15,476,56879
13640,"省
广西民族大学相思湖学院",201,广东省,2023,本科批,历史类,39,39,488,48027
13641,桂林学院,201,广东省,2023,本科批,历史类,11,11,489,47416
13643,广西中医药大学赛恩斯新医药学院,201,广东省,2023,本科批,历史类,38,38,495,43305
13643,"东
广西中医药大学赛恩斯新医药学院",202,广东省,2023,本科批,历史类,12,12,479,54245
13644,桂林信息科技学院,201,广东省,2023,本科批,历史类,11,11,476,56673
13644,桂林信息科技学院,202,广东省,2023,本科批,历史类,24,24,476,56644
13645,"广
南宁理工学院",201,广东省,2023,本科批,历史类,10,10,464,66746
13650,贵阳信息科技学院,201,广东省,2023,本科批,历史类,5,5,480,53283
13651,贵阳人文科技学院,201,广东省,2023,本科批,历史类,2,2,487,48538
13654,南京理工大学紫金学院,201,广东省,2023,本科批,历史类,25,25,490,46384
13656,广州华立学院,204,广东省,2023,本科批,历史类,785,785,438,91361
13656,广州华立学院(国际班),205,广东省,2023,本科批,历史类,60,43,433,96863
13656,广州华立学院,206,广东省,2023,本科批,历史类,890,890,436,93237
13657,广州应用科技学院(联合培养),202,广东省,2023,本科批,历史类,54,54,436,92995
13658,天津外国语大学滨海外事学院,201,广东省,2023,本科批,历史类,1,1,484,50844
13660,天津商业大学宝德学院,201,广东省,2023,本科批,历史类,1,1,483,51797
13660,天津商业大学宝德学院,202,广东省,2023,本科批,历史类,1,1,479,54437
13660,天津商业大学宝德学院,203,广东省,2023,本科批,历史类,4,4,482,52382
13661,天津医科大学临床医学院,201,广东省,2023,本科批,历史类,1,1,491,45995
13661,天津医科大学临床医学院,202,广东省,2023,本科批,历史类,5,5,479,54313
13661,天津医科大学临床医学院,"院
207",广东省,2023,本科批,历史类,4,4,488,47612
13662,长春人文学院,201,广东省,2023,本科批,历史类,4,4,479,54388
13665,电子科技大学成都学院,201,广东省,2023,本科批,历史类,8,8,484,50520
13666,"试
武汉华夏理工学院",201,广东省,2023,本科批,历史类,6,6,478,55087
13667,广州商学院,201,广东省,2023,本科批,历史类,1747,1747,459,70894
13667,"考
广州商学院(中外合作办学)",202,广东省,2023,本科批,历史类,40,12,433,96825
13667,广州商学院(联合培养),203,广东省,2023,本科批,历史类,30,30,437,92695
13667,广州商学院,204,广东省,2023,本科批,历史类,181,181,441,88730
13668,"育
成都理工大学工程技术学院",201,广东省,2023,本科批,历史类,10,10,485,49915
13670,成都银杏酒店管理学院,201,广东省,2023,本科批,历史类,7,7,479,54133
13673,四川外国语大学成都学院,201,广东省,2023,本科批,历史类,48,48,486,49510
13675,"教
北京理工大学珠海学院",204,广东省,2023,本科批,历史类,46,46,496,42735
13675,北京理工大学珠海学院(中外合作办学,) 205,广东省,2023,本科批,历史类,43,43,473,58765
13675,"省
北京理工大学珠海学院(国际班)",206,广东省,2023,本科批,历史类,36,36,488,48125
13678,西北大学现代学院,201,广东省,2023,本科批,历史类,1,1,479,54201
13682,西安工商学院,201,广东省,2023,本科批,历史类,2,2,484,51008
13686,武汉传媒学院,201,广东省,2023,本科批,历史类,12,12,482,52487
13714,广州工商学院,201,广东省,2023,本科批,历史类,1550,1440,433,96997
13714,广州工商学院,203,广东省,2023,本科批,历史类,134,46,433,96895
13714,广州工商学院,"教
204",广东省,2023,本科批,历史类,40,10,433,96642
13717,广州科技职业技术大学,201,广东省,2023,本科批,历史类,530,371,433,96992
13717,广州科技职业技术大学,202,广东省,2023,本科批,历史类,30,30,449,80552
13719,"省
广东科技学院",201,广东省,2023,本科批,历史类,2077,1766,433,96998
13719,广东科技学院(联合培养),204,广东省,2023,本科批,历史类,20,1,434,95522
13719,广东科技学院,208,广东省,2023,本科批,历史类,100,4,434,94994
13720,"东
广东理工学院",204,广东省,2023,本科批,历史类,1090,407,433,96985
13720,广东理工学院,205,广东省,2023,本科批,历史类,60,6,435,94094
13720,广东理工学院,206,广东省,2023,本科批,历史类,125,29,433,96600
13721,"广
广东工商职业技术大学",209,广东省,2023,本科批,历史类,949,383,433,97001
13721,广东工商职业技术大学,210,广东省,2023,本科批,历史类,174,174,438,91022
13744,黑河学院,201,广东省,2023,本科批,历史类,2,2,490,46250
13744,黑河学院,202,广东省,2023,本科批,历史类,11,11,492,44744
13762,福州外语外贸学院,201,广东省,2023,本科批,历史类,4,4,480,53921
13763,福建江夏学院,201,广东省,2023,本科批,历史类,4,4,502,38425
13766,泉州信息工程学院,201,广东省,2023,本科批,历史类,9,9,476,56760
13774,豫章师范学院,202,广东省,2023,本科批,历史类,2,2,504,37196
13776,江西软件职业技术大学,201,广东省,2023,本科批,历史类,2,2,481,53032
13809,湖南应用技术学院,201,广东省,2023,本科批,历史类,1,1,488,47848
13809,湖南应用技术学院,202,广东省,2023,本科批,历史类,1,1,491,45592
13811,琼台师范学院,201,广东省,2023,本科批,历史类,5,5,508,34717
13811,琼台师范学院,202,广东省,2023,本科批,历史类,3,3,504,37252
13816,四川工业科技学院,201,广东省,2023,本科批,历史类,5,5,486,49135
13830,广西外国语学院,"院
201",广东省,2023,本科批,历史类,29,29,480,54027
13843,南京师范大学泰州学院,201,广东省,2023,本科批,历史类,12,12,489,47177
13843,南京师范大学泰州学院,202,广东省,2023,本科批,历史类,33,33,487,48226
13844,"试
东莞城市学院",208,广东省,2023,本科批,历史类,1879,1879,443,85966
13844,东莞城市学院,209,广东省,2023,本科批,历史类,97,97,455,74975
13892,"考
三亚学院",201,广东省,2023,本科批,历史类,8,8,466,65105
13892,三亚学院,202,广东省,2023,本科批,历史类,3,3,453,76840
13892,三亚学院,203,广东省,2023,本科批,历史类,38,38,474,58567
13892,"育
三亚学院",204,广东省,2023,本科批,历史类,2,2,479,54105
13892,三亚学院(中外合作办学),210,广东省,2023,本科批,历史类,1,1,471,60711
13892,三亚学院,212,广东省,2023,本科批,历史类,3,3,461,69490
13893,"教
上海师范大学天华学院",201,广东省,2023,本科批,历史类,7,7,471,61005
13894,西安明德理工学院,201,广东省,2023,本科批,历史类,3,3,477,55853
13897,"省
天津理工大学中环信息学院",201,广东省,2023,本科批,历史类,4,4,483,51627
13898,北京科技大学天津学院,201,广东省,2023,本科批,历史类,2,2,488,48069
13898,北京科技大学天津学院,202,广东省,2023,本科批,历史类,6,6,483,51327
13899,北京中医药大学东方学院,202,广东省,2023,本科批,历史类,2,2,496,42180
13902,广州新华学院,201,广东省,2023,本科批,历史类,1205,1205,481,52535
13903,成都锦城学院,201,广东省,2023,本科批,历史类,26,26,489,46961
13905,南京工业大学浦江学院,"教
201",广东省,2023,本科批,历史类,35,35,484,50992
13906,南京师范大学中北学院,201,广东省,2023,本科批,历史类,7,7,490,46247
13906,南京师范大学中北学院,202,广东省,2023,本科批,历史类,2,2,485,49662
13920,"省
广西城市职业大学",201,广东省,2023,本科批,历史类,50,50,467,64437
13920,广西城市职业大学,202,广东省,2023,本科批,历史类,10,10,439,90604
13924,湖南交通工程学院,201,广东省,2023,本科批,历史类,4,4,473,58778
13980,"东
南京医科大学康达学院",201,广东省,2023,本科批,历史类,4,4,485,50100
13980,南京医科大学康达学院,202,广东省,2023,本科批,历史类,8,8,485,50237
13980,南京医科大学康达学院,206,广东省,2023,本科批,历史类,4,4,493,44186
13982,"广
无锡学院",201,广东省,2023,本科批,历史类,2,2,523,26627
13982,无锡学院,202,广东省,2023,本科批,历史类,7,7,513,32070
13983,苏州城市学院,203,广东省,2023,本科批,历史类,25,25,511,33053
13984,苏州大学应用技术学院,201,广东省,2023,本科批,历史类,7,7,486,49090
13986,江苏大学京江学院,201,广东省,2023,本科批,历史类,15,15,486,49310
13987,扬州大学广陵学院,201,广东省,2023,本科批,历史类,3,3,491,45950
13987,扬州大学广陵学院,202,广东省,2023,本科批,历史类,32,32,491,45640
13988,江苏师范大学科文学院,202,广东省,2023,本科批,历史类,11,11,489,47375
13989,南京邮电大学通达学院,201,广东省,2023,本科批,历史类,11,11,486,48942
13991,江苏科技大学苏州理工学院,201,广东省,2023,本科批,历史类,2,2,490,46440
13992,常州大学怀德学院,201,广东省,2023,本科批,历史类,30,30,483,51596
13994,南京审计大学金审学院,201,广东省,2023,本科批,历史类,60,60,487,48716
13995,青岛工学院,201,广东省,2023,本科批,历史类,2,2,477,56250
13995,青岛工学院,202,广东省,2023,本科批,历史类,5,5,477,56196
13998,齐鲁理工学院,"院
201",广东省,2023,本科批,历史类,2,2,479,54130
13998,齐鲁理工学院,202,广东省,2023,本科批,历史类,8,8,458,71960
14001,聊城大学东昌学院,201,广东省,2023,本科批,历史类,10,10,489,47452
14030,"试
西安信息职业大学",201,广东省,2023,本科批,历史类,1,1,474,58684
14037,西南财经大学天府学院,201,广东省,2023,本科批,历史类,6,6,488,47732
14038,"考
天津仁爱学院",201,广东省,2023,本科批,历史类,2,2,474,58692
14038,天津仁爱学院,202,广东省,2023,本科批,历史类,4,4,483,51529
14039,四川大学锦江学院,201,广东省,2023,本科批,历史类,4,4,489,47353
14042,"育
西安科技大学高新学院",201,广东省,2023,本科批,历史类,4,4,480,53764
14046,福建农林大学金山学院(中外合作办学,) 203,广东省,2023,本科批,历史类,3,3,472,59727
14087,天津财经大学珠江学院,201,广东省,2023,本科批,历史类,13,13,483,51584
14099,"教
湖北第二师范学院",201,广东省,2023,本科批,历史类,3,3,515,31033
14099,湖北第二师范学院(中外合作办学),203,广东省,2023,本科批,历史类,3,3,489,47245
14160,"省
宿迁学院",201,广东省,2023,本科批,历史类,5,5,495,42991
14172,海南科技职业大学,201,广东省,2023,本科批,历史类,8,8,461,69057
14202,沧州交通学院,201,广东省,2023,本科批,历史类,7,7,480,53329
14207,上海财经大学浙江学院,201,广东省,2023,本科批,历史类,8,8,488,48078
14223,贵州师范学院,201,广东省,2023,本科批,历史类,4,4,498,41275
14225,河北东方学院,204,广东省,2023,本科批,历史类,2,2,487,48843
14226,运城职业技术大学,"教
201",广东省,2023,本科批,历史类,2,2,478,55097
14278,广东第二师范学院,219,广东省,2023,本科批,历史类,100,100,534,21401
14278,广东第二师范学院,220,广东省,2023,本科批,历史类,257,257,539,19604
14278,"省
广东第二师范学院",221,广东省,2023,本科批,历史类,47,47,532,22350
14278,广东第二师范学院,222,广东省,2023,本科批,历史类,120,120,492,45138
14278,广东第二师范学院,223,广东省,2023,本科批,历史类,33,33,513,31920
14278,"东
广东第二师范学院",224,广东省,2023,本科批,历史类,57,57,536,20813
14278,广东第二师范学院,225,广东省,2023,本科批,历史类,61,61,521,27922
14278,广东第二师范学院,226,广东省,2023,本科批,历史类,25,25,532,22622
14278,"广
广东第二师范学院",227,广东省,2023,本科批,历史类,72,72,517,29965
14278,广东第二师范学院,228,广东省,2023,本科批,历史类,15,15,523,26785
14278,广东第二师范学院,229,广东省,2023,本科批,历史类,94,94,536,20683
14278,广东第二师范学院(学分互认),241,广东省,2023,本科批,历史类,15,15,520,28320
14278,广东第二师范学院(学分互认),242,广东省,2023,本科批,历史类,28,28,493,44506
14278,广东第二师范学院(协同培养),244,广东省,2023,本科批,历史类,15,15,495,43059
14389,成都师范学院,201,广东省,2023,本科批,历史类,3,3,505,36395
14410,四川电影电视学院,201,广东省,2023,本科批,历史类,7,7,481,53140
14432,河北中医药大学,201,广东省,2023,本科批,历史类,6,6,546,16781
14437,南昌师范学院,201,广东省,2023,本科批,历史类,2,2,500,39926
14437,南昌师范学院,202,广东省,2023,本科批,历史类,2,2,503,37947
14596,中国社会科学院大学,201,广东省,2023,本科批,历史类,4,4,599,3436
14596,中国社会科学院大学,202,广东省,2023,本科批,历史类,10,10,602,3020
14596,中国社会科学院大学,203,广东省,2023,本科批,历史类,2,2,609,2307
14623,滇西应用技术大学,"院
201",广东省,2023,本科批,历史类,2,2,494,43847
14623,滇西应用技术大学,202,广东省,2023,本科批,历史类,1,1,481,52794
14654,郑州西亚斯学院(中外合作办学),203,广东省,2023,本科批,历史类,31,31,454,75923
14655,"试
深圳技术大学",206,广东省,2023,本科批,历史类,3,3,549,15409
14655,深圳技术大学,207,广东省,2023,本科批,历史类,299,299,540,19159
16202,"考
河北石油职业技术大学",201,广东省,2023,本科批,历史类,6,6,491,45565
16203,河北科技工程职业技术大学,201,广东省,2023,本科批,历史类,6,6,492,44907
16205,广西农业职业技术大学,201,广东省,2023,本科批,历史类,2,2,494,43780
16206,"育
贵阳康养职业大学",201,广东省,2023,本科批,历史类,1,1,490,46190
16206,贵阳康养职业大学,202,广东省,2023,本科批,历史类,3,3,493,44531
16301,宁波诺丁汉大学,205,广东省,2023,本科批,历史类,16,16,560,11975
16301,"教
宁波诺丁汉大学",207,广东省,2023,本科批,历史类,2,2,585,5721
16302,西交利物浦大学,203,广东省,2023,本科批,历史类,4,4,579,6991
16401,"省
北京师范大学-香港浸会大学联合国际",学 201,广东省,2023,本科批,历史类,20,20,564,10828
16405,温州肯恩大学,203,广东省,2023,本科批,历史类,13,13,527,24957
16409,深圳北理莫斯科大学,204,广东省,2023,本科批,历史类,2,1,542,18016
19001,北京大学医学部,201,广东省,2023,本科批,历史类,2,2,650,202
19001,北京大学医学部,202,广东省,2023,本科批,历史类,3,3,620,1381
19004,北京交通大学(威海校区)(中外合作办,学) 203,广东省,2023,本科批,历史类,3,3,574,8051
19027,北京师范大学(珠海校区),"教
201",广东省,2023,本科批,历史类,56,56,621,1309
19145,东北大学秦皇岛分校,202,广东省,2023,本科批,历史类,4,4,590,4918
19248,上海交通大学医学院,201,广东省,2023,本科批,历史类,4,4,598,3654
19359,"省
合肥工业大学(宣城校区)",201,广东省,2023,本科批,历史类,2,2,572,8635
19359,合肥工业大学(宣城校区),202,广东省,2023,本科批,历史类,4,4,574,8168
19422,山东大学威海分校,201,广东省,2023,本科批,历史类,15,15,600,3367
19422,"东
山东大学威海分校",202,广东省,2023,本科批,历史类,2,2,608,2362
19635,西南大学(荣昌校区),201,广东省,2023,本科批,历史类,5,5,574,8188
51721,河北环境工程学院,201,广东省,2023,本科批,历史类,8,8,491,45587
51721,"广
河北环境工程学院",202,广东省,2023,本科批,历史类,2,2,492,44804
80001,汕头大学医学院,221,广东省,2023,本科批,历史类,5,5,540,19154
80002,华南师范大学(汕尾校区),201,广东省,2023,本科批,历史类,63,63,576,7686
80002,华南师范大学(汕尾校区),202,广东省,2023,本科批,历史类,40,40,573,8310
80003,广东工业大学(揭阳校区),251,广东省,2023,本科批,历史类,74,74,524,25975
80004,广东技术师范大学(河源校区),202,广东省,2023,本科批,历史类,54,54,510,33521
81012,香港珠海学院,201,广东省,2023,本科批,历史类,6,6,508,34913
